section,action,customer_id,code,platform_name,mobize_name,phone_from,phone_to,stb,connection_id,match,hathway_status,status_from,status_to,due_from,due_to,plan_from,plan_to,expiry_from,expiry_to,other_connections,note
stb,terminate,355,202684276,Sree Photo Shudio,,,,N70130694675,1406,not_on_hathway,,active,terminated,,,,,,,,N-STB is not on the live Hathway dump
stb,terminate,994,202867878,Vishnu Kumar Shetty,,,,N70130762316,1102,not_on_hathway,,active,terminated,,,,,,,,N-STB is not on the live Hathway dump
stb,terminate,987,MST-36,"Yashwanth, (MST-36)",,,,N70130829750,1097,not_on_hathway,,active,terminated,,,,,,,,N-STB is not on the live Hathway dump
stb,terminate,48,BH-7,"Kamadenu lodge, (BH-7)",,,,N70130834271,1333,not_on_hathway,,active,terminated,,,,,,,,N-STB is not on the live Hathway dump
stb,terminate,1077,202684076,Ravish,,,,N70130834347,1171,not_on_hathway,,active,terminated,,,,,,,,N-STB is not on the live Hathway dump
stb,terminate,48,BH-7,"Kamadenu lodge, (BH-7)",,,,N70130835492,1334,not_on_hathway,,active,terminated,,,,,,,,N-STB is not on the live Hathway dump
stb,terminate,1046,202739596,Rajeshwari (Mc),,,,N70130835849,1144,not_on_hathway,,active,terminated,,,,,,,,N-STB is not on the live Hathway dump
stb,terminate,990,202821672,"Manu ( flower), (GO-BH)",,,,N70130835898,1099,not_on_hathway,,active,terminated,,,,,,,,N-STB is not on the live Hathway dump
stb,terminate,236,GO-KG-8,"Preetham, (GO-KG-8)",,,,N70130835930,1026,not_on_hathway,,active,terminated,,,,,,,,N-STB is not on the live Hathway dump
stb,terminate,992,MAG-12,"Manohar, (MAG-12)",,,,N70130838215,1100,not_on_hathway,,active,terminated,,,,,,,,N-STB is not on the live Hathway dump
stb,terminate,980,202698569,Harish,,,,N70130861811,1068,not_on_hathway,,active,terminated,,,,,,,,N-STB is not on the live Hathway dump
stb,terminate,529,202876399,Subramanyam,,,,N70130862041,573,not_on_hathway,,suspended,terminated,,,,,,,,N-STB is not on the live Hathway dump
stb,terminate,96,CN-2,"Basappa, (CN-2)",,,,N70130862108,1344,not_on_hathway,,active,terminated,,,,,,,,N-STB is not on the live Hathway dump
stb,terminate,98,GO-CN-5,"Dattanna, (GO-CN-5)",,,,N70130862165,1011,not_on_hathway,,active,terminated,,,,,,,,N-STB is not on the live Hathway dump
stb,terminate,996,202871206,Manju (flower),,,,N70130862603,1104,not_on_hathway,,active,terminated,,,,,,,,N-STB is not on the live Hathway dump
stb,terminate,1090,SK-31,"Nagesh babu, (SK-31)",,,,N70130864716,1183,not_on_hathway,,active,terminated,,,,,,,,N-STB is not on the live Hathway dump
stb,terminate,984,202714842,Ranganna,,,,N70130864757,1095,not_on_hathway,,active,terminated,,,,,,,,N-STB is not on the live Hathway dump
stb,terminate,993,SU-52,Shivamma(SU-52),,,,N70130864930,1101,not_on_hathway,,active,terminated,,,,,,,,N-STB is not on the live Hathway dump
stb,terminate,71,202684136,Kiran kumar SU,,,,N70130895538,1052,not_on_hathway,,active,terminated,,,,,,,,N-STB is not on the live Hathway dump
stb,terminate,108,GO-CN-16,"Dr. Sridhar, (GO-CN-16)",,,,N70130895660,1019,not_on_hathway,,active,terminated,,,,,,,,N-STB is not on the live Hathway dump
stb,terminate,938,202684422,Toufeeq Pasha,,,,N70130895793,1058,not_on_hathway,,active,terminated,,,,,,,,N-STB is not on the live Hathway dump
stb,terminate,970,202684394,Sagar Handloom,,,,N70130896114,1084,not_on_hathway,,active,terminated,,,,,,,,N-STB is not on the live Hathway dump
stb,terminate,953,202684182,Suryanarayana,,,,N70130897005,1070,not_on_hathway,,active,terminated,,,,,,,,N-STB is not on the live Hathway dump
stb,terminate,326,202684296,Prakash K.G,,,,N70130897393,355,not_on_hathway,,active,terminated,,,,,,,,N-STB is not on the live Hathway dump
stb,terminate,46,202684328,Madhava(Tailor),,,,N70130897401,50,not_on_hathway,,suspended,terminated,,,,,,,,N-STB is not on the live Hathway dump
stb,terminate,1078,202684383,Dr.Sunil babu,,,,N70130897427,1172,not_on_hathway,,active,terminated,,,,,,,,N-STB is not on the live Hathway dump
stb,terminate,1082,202684260,Shivakumar,,,,N70130897443,1176,not_on_hathway,,active,terminated,,,,,,,,N-STB is not on the live Hathway dump
stb,terminate,1293,GO-RS-14,"Kavitha, (GO-RS-14)",,,,N70130897583,1376,not_on_hathway,,active,terminated,,,,,,,,N-STB is not on the live Hathway dump
stb,terminate,983,202703320,New Moidin Bedding house,,,,N70130897633,1094,not_on_hathway,,active,terminated,,,,,,,,N-STB is not on the live Hathway dump
stb,terminate,280,202684293,Panchaksharaiah,,,,N70130898995,307,not_on_hathway,,suspended,terminated,,,,,,,,N-STB is not on the live Hathway dump
stb,terminate,354,202684176,Sharadha,,,,N70130899548,386,not_on_hathway,,suspended,terminated,,,,,,,,N-STB is not on the live Hathway dump
stb,terminate,346,202736204,Rajendra Lodge,,,,N70130910618,1370,not_on_hathway,,active,terminated,,,,,,,,N-STB is not on the live Hathway dump
stb,terminate,937,202684163,Shivanna,,,,N70130910634,1057,not_on_hathway,,active,terminated,,,,,,,,N-STB is not on the live Hathway dump
stb,terminate,1002,203026340,Durga,,,,N70130910667,1107,not_on_hathway,,active,terminated,,,,,,,,N-STB is not on the live Hathway dump
stb,terminate,1335,KT-44,"Narasimha Murthy (Archakaru), (KT-44)",,,,N70130910840,316,not_on_hathway,,suspended,terminated,,,,,,,,N-STB is not on the live Hathway dump
stb,terminate,1094,202684326,Yogeesh,,,,N70130910865,1186,not_on_hathway,,active,terminated,,,,,,,,N-STB is not on the live Hathway dump
stb,terminate,70,202684317,Shashi Shekar,,,,N70130929238,80,not_on_hathway,,suspended,terminated,,,,,,,,N-STB is not on the live Hathway dump
stb,terminate,70,202684317,Shashi Shekar,,,,N70130929352,1340,not_on_hathway,,active,terminated,,,,,,,,N-STB is not on the live Hathway dump
stb,terminate,930,202684178,D.K Electricals,,,,N70130930780,1050,not_on_hathway,,active,terminated,,,,,,,,N-STB is not on the live Hathway dump
stb,terminate,568,202684327,Dr.Maheshwari,,,,N70130931838,1360,not_on_hathway,,active,terminated,,,,,,,,N-STB is not on the live Hathway dump
stb,terminate,501,202759302,Anand (SKPT),,,,N70130931853,544,not_on_hathway,,suspended,terminated,,,,,,,,N-STB is not on the live Hathway dump
stb,terminate,998,HO-23,"Babu, (HO-23)",,,,N70130933727,1106,not_on_hathway,,active,terminated,,,,,,,,N-STB is not on the live Hathway dump
stb,terminate,346,202736204,Rajendra Lodge,,,,N70130933750,1369,not_on_hathway,,active,terminated,,,,,,,,N-STB is not on the live Hathway dump
stb,terminate,69,202684109,Manjunatha jewelers (CB),,,,N70130933768,1387,not_on_hathway,,active,terminated,,,,,,,,N-STB is not on the live Hathway dump
stb,terminate,973,202684423,Girish RM,,,,N70130933776,1087,not_on_hathway,,active,terminated,,,,,,,,N-STB is not on the live Hathway dump
stb,terminate,931,BS-12,"Devatha Garments, (BS-12)",,,,N70130933792,1051,not_on_hathway,,active,terminated,,,,,,,,N-STB is not on the live Hathway dump
stb,terminate,1022,202847904,Bhanu Priya,,,,N70131110341,1123,not_on_hathway,,active,terminated,,,,,,,,N-STB is not on the live Hathway dump
stb,terminate,563,MG-6,Lakshmamma,,,,N70142402836,610,not_on_hathway,,active,terminated,,,,,,,,N-STB is not on the live Hathway dump
stb,terminate,138,203854145,Mani Painter,,,,N70142547416,155,not_on_hathway,,suspended,terminated,,,,,,,,N-STB is not on the live Hathway dump
stb,terminate,399,202684132,Mouveen,,,,N70142549354,435,not_on_hathway,,suspended,terminated,,,,,,,,N-STB is not on the live Hathway dump
stb,terminate,68,202684107,Sujith bhushan,,,,N70142557373,78,not_on_hathway,,suspended,terminated,,,,,,,,N-STB is not on the live Hathway dump
stb,terminate,942,202690723,Sangam Cycle shop,,,,N70142557878,1061,not_on_hathway,,active,terminated,,,,,,,,N-STB is not on the live Hathway dump
stb,terminate,1084,202684272,Bhilal  SR,,,,N70142558066,1178,not_on_hathway,,active,terminated,,,,,,,,N-STB is not on the live Hathway dump
stb,terminate,942,202690723,Sangam Cycle shop,,,,N70142558116,1062,not_on_hathway,,active,terminated,,,,,,,,N-STB is not on the live Hathway dump
stb,terminate,473,202684174,Imtiyaz  SR,,,,N70142558678,516,not_on_hathway,,suspended,terminated,,,,,,,,N-STB is not on the live Hathway dump
stb,terminate,190,202684399,Narendrakumar,,,,N70142566259,212,not_on_hathway,,suspended,terminated,,,,,,,,N-STB is not on the live Hathway dump
stb,terminate,29,202684105,Aslam Pasha,,,,N70142569774,31,not_on_hathway,,suspended,terminated,,,,,,,,N-STB is not on the live Hathway dump
stb,terminate,936,202684118,Kailash CN,,,,N70142569931,1056,not_on_hathway,,active,terminated,,,,,,,,N-STB is not on the live Hathway dump
stb,terminate,961,202684277,Firoz,,,,N70142570079,1078,not_on_hathway,,active,terminated,,,,,,,,N-STB is not on the live Hathway dump
stb,terminate,976,PL-26,"Inayath pasha, (PL-26)",,,,N70142570152,1090,not_on_hathway,,active,terminated,,,,,,,,N-STB is not on the live Hathway dump
stb,already_terminated,859,202684451,Zahid,,,,N70142570269,1015,not_on_hathway,,terminated,terminated,,,,,,,railtel:928:KA.ZAHIDULLA,Already terminated; no write
stb,terminate,958,202684215,Manju (Uncle),,,,N70142575706,1075,not_on_hathway,,active,terminated,,,,,,,,N-STB is not on the live Hathway dump
stb,terminate,1061,202684426,Krishnamurthachar,,,,N70142575946,1157,not_on_hathway,,active,terminated,,,,,,,,N-STB is not on the live Hathway dump
stb,terminate,1086,202684419,Vikram_SR,,,,N70142576084,1180,not_on_hathway,,active,terminated,,,,,,,,N-STB is not on the live Hathway dump
stb,terminate,1060,202684417,Datta,,,,N70142576159,1155,not_on_hathway,,active,terminated,,,,,,,,N-STB is not on the live Hathway dump
stb,terminate,1060,202684417,Datta,,,,N70142579831,1156,not_on_hathway,,active,terminated,,,,,,,,N-STB is not on the live Hathway dump
stb,terminate,997,202875456,Lakshmi Devamma,,,,N70142580540,1105,not_on_hathway,,active,terminated,,,,,,,,N-STB is not on the live Hathway dump
stb,terminate,1079,203138591,Sirish 2 RM,,,,N70142580573,1173,not_on_hathway,,active,terminated,,,,,,,,N-STB is not on the live Hathway dump
stb,terminate,232,KG-3,"Devendrappa, (KG-3)",,,,N70142580607,1357,not_on_hathway,,active,terminated,,,,,,,,N-STB is not on the live Hathway dump
stb,terminate,232,KG-3,"Devendrappa, (KG-3)",,,,N70142580615,1358,not_on_hathway,,active,terminated,,,,,,,,N-STB is not on the live Hathway dump
stb,terminate,1080,202684147,Abdesh (Pani Puri),,,,N70143367087,1378,not_on_hathway,,active,terminated,,,,,,,,N-STB is not on the live Hathway dump
stb,terminate,977,202684468,Krishna Hair Dresses,,,,N70150004557,1091,not_on_hathway,,active,terminated,,,,,,,,N-STB is not on the live Hathway dump
stb,terminate,48,BH-7,"Kamadenu lodge, (BH-7)",,,,N70150015991,1335,not_on_hathway,,active,terminated,,,,,,,,N-STB is not on the live Hathway dump
stb,terminate,1027,202684190,Mallikanna,,,,N70150017104,1127,not_on_hathway,,active,terminated,,,,,,,,N-STB is not on the live Hathway dump
stb,terminate,1030,202684048,Venkatesh,,,,N70150025545,1129,not_on_hathway,,active,terminated,,,,,,,,N-STB is not on the live Hathway dump
stb,terminate,370,204056177,Swamy B S (Sanath agency),,,,N70150026436,402,not_on_hathway,,suspended,terminated,,,,,,,,N-STB is not on the live Hathway dump
stb,terminate,1312,GO-SV-6,"Dinesh, (GO-SV-6)",,,,N70150026451,565,not_on_hathway,,suspended,terminated,,,,,,,,N-STB is not on the live Hathway dump
stb,terminate,1220,KK-17,"Labhu Ram, (KK-17)",,,,N70150026469,86,not_on_hathway,,suspended,terminated,,,,,,,,N-STB is not on the live Hathway dump
stb,terminate,207,202684166,Ravi Vishnu,,,,N70150026493,231,not_on_hathway,,suspended,terminated,,,,,,,,N-STB is not on the live Hathway dump
stb,terminate,1074,202724336,Muniraj (Railway) (RS),,,,N70150026816,1169,not_on_hathway,,active,terminated,,,,,,,,N-STB is not on the live Hathway dump
stb,terminate,986,202758883,Dhananjaya (panipuri),,,,N70150026972,1096,not_on_hathway,,active,terminated,,,,,,,,N-STB is not on the live Hathway dump
stb,terminate,1001,202976095,Ranjith MC,,,,N70150027004,1108,not_on_hathway,,active,terminated,,,,,,,,N-STB is not on the live Hathway dump
stb,terminate,971,202684401,Venkatesh,,,,N70150027137,1085,not_on_hathway,,active,terminated,,,,,,,,N-STB is not on the live Hathway dump
stb,terminate,1321,BA-16,"Syed Suhail Ahmed, (BA-16)",,,,N70150028978,1383,not_on_hathway,,active,terminated,,,,,,,,N-STB is not on the live Hathway dump
stb,terminate,1215,GO-BH-7,"Vinoda Medicals, (GO-BH-7)",,,,N70150029984,60,not_on_hathway,,suspended,terminated,,,,,,,,N-STB is not on the live Hathway dump
stb,terminate,982,202702473,Kumara (Hospital),,,,N70150030099,1093,not_on_hathway,,active,terminated,,,,,,,,N-STB is not on the live Hathway dump
stb,terminate,1043,MAG-11,"Rajeshwari, (MAG-11)",,,,N70150030156,1141,not_on_hathway,,active,terminated,,,,,,,,N-STB is not on the live Hathway dump
stb,terminate,974,202684435,Muktha,,,,N70150030263,1088,not_on_hathway,,active,terminated,,,,,,,,N-STB is not on the live Hathway dump
stb,terminate,380,NC-3,"Shivaprasad, (NC-3)",,,,N70150030677,414,not_on_hathway,,active,terminated,,,,,,,,N-STB is not on the live Hathway dump
stb,terminate,975,GO-KO-26,"Chandranna, (GO-KO-26)",,,,N70150030735,1089,not_on_hathway,,active,terminated,,,,,,,,N-STB is not on the live Hathway dump
stb,terminate,1215,GO-BH-7,"Vinoda Medicals, (GO-BH-7)",,,,N70150031022,1338,not_on_hathway,,active,terminated,,,,,,,,N-STB is not on the live Hathway dump
stb,terminate,1276,GO-MC-14,"Chandru, (GO-MC-14)",,,,N70150031329,1367,not_on_hathway,,active,terminated,,,,,,,,N-STB is not on the live Hathway dump
stb,terminate,1004,203092347,Mahesh AST,,,,N70150031345,1109,not_on_hathway,,active,terminated,,,,,,,,N-STB is not on the live Hathway dump
stb,terminate,334,MC-17,"Purushotam (Hotel), (MC-17)",,,,N70150031519,1366,not_on_hathway,,active,terminated,,,,,,,,N-STB is not on the live Hathway dump
stb,terminate,1243,GO-MC-4,"Vijaykumar, (GO-MC-4)",,,,N70150032178,1348,not_on_hathway,,active,terminated,,,,,,,,N-STB is not on the live Hathway dump
stb,terminate,48,BH-7,"Kamadenu lodge, (BH-7)",,,,N70150032244,1336,not_on_hathway,,active,terminated,,,,,,,,N-STB is not on the live Hathway dump
stb,terminate,1091,202702204,Shankar (SVP),,,,N70150032830,1184,not_on_hathway,,active,terminated,,,,,,,,N-STB is not on the live Hathway dump
stb,terminate,353,202684168,Shantanna,,,,N70150032913,1405,not_on_hathway,,active,terminated,,,,,,,,N-STB is not on the live Hathway dump
stb,terminate,811,202684378,Kantaraju (Fertilizer) (Home),,,,N70150032988,1046,not_on_hathway,,active,terminated,,,,,,,railtel:876:KA.PRATHIBHACG; ott:1212:9343210099,N-STB is not on the live Hathway dump
stb,terminate,1045,MC-66,"Basheer Cycle Shop, (MC-66)",,,,N70150032996,1143,not_on_hathway,,active,terminated,,,,,,,,N-STB is not on the live Hathway dump
stb,terminate,1029,HO-121,"Balaji medicals, (HO-121)",,,,N70150033374,1128,not_on_hathway,,active,terminated,,,,,,,,N-STB is not on the live Hathway dump
stb,terminate,1041,202684314,Mohammed Gouse,,,,N70150033424,1139,not_on_hathway,,active,terminated,,,,,,,,N-STB is not on the live Hathway dump
stb,terminate,1072,202684335,Prakash,,,,N70150033671,1167,not_on_hathway,,active,terminated,,,,,,,,N-STB is not on the live Hathway dump
stb,terminate,346,202736204,Rajendra Lodge,,,,N70150033838,1371,not_on_hathway,,active,terminated,,,,,,,,N-STB is not on the live Hathway dump
stb,terminate,1064,202684160,Zallu,,,,N70150033978,1160,not_on_hathway,,active,terminated,,,,,,,,N-STB is not on the live Hathway dump
stb,terminate,1066,202701501,Mujju (Mechanic),,,,N70150034216,1162,not_on_hathway,,active,terminated,,,,,,,,N-STB is not on the live Hathway dump
stb,terminate,963,202684290,Fayaz,,,,N70150034224,1059,not_on_hathway,,active,terminated,,,,,,,,N-STB is not on the live Hathway dump
stb,terminate,945,202684093,Krishnamurthy,,,,N70150034513,1064,not_on_hathway,,active,terminated,,,,,,,,N-STB is not on the live Hathway dump
stb,terminate,1087,GO-SR-2,"Jahanara, (GO-SR-2)",,,,N70150034547,1181,not_on_hathway,,active,terminated,,,,,,,,N-STB is not on the live Hathway dump
stb,terminate,1050,203289369,Vijay Kumar BC,,,,N70150034661,1147,not_on_hathway,,active,terminated,,,,,,,,N-STB is not on the live Hathway dump
stb,terminate,1127,HO-17,"Manjanna (Whole Sale), (HO-17)",,,,N70150034711,251,not_on_hathway,,suspended,terminated,,,,,,,,N-STB is not on the live Hathway dump
stb,terminate,330,MC-12,"Pooja Traders, (MC-12)",,,,N70150034844,1365,not_on_hathway,,active,terminated,,,,,,,,N-STB is not on the live Hathway dump
stb,terminate,820,202684400,Pradeep,,,,N70150034869,1030,not_on_hathway,,active,terminated,,,,,,,railtel:885:KA.PRADEEPKUMARTS,N-STB is not on the live Hathway dump
stb,terminate,968,202684374,Puttamma,,,,N70150034984,1083,not_on_hathway,,active,terminated,,,,,,,,N-STB is not on the live Hathway dump
stb,terminate,1085,SH-2,"Maksood, (SH-2)",,,,N70150035064,1179,not_on_hathway,,active,terminated,,,,,,,,N-STB is not on the live Hathway dump
stb,already_terminated,1063,202684278,Afroz NC,,,,N70150035163,1159,not_on_hathway,,terminated,terminated,,,,,,,,Already terminated; no write
stb,terminate,1329,202684210,Kiran Mehatha,,,,N70150035171,1394,not_on_hathway,,active,terminated,,,,,,,,N-STB is not on the live Hathway dump
stb,terminate,392,PT-12,"Virupakshi, (PT-12)",,,,N70150035205,1373,not_on_hathway,,active,terminated,,,,,,,,N-STB is not on the live Hathway dump
stb,terminate,1065,202701451,Jafar Sadik keb,,,,N70150037813,1161,not_on_hathway,,active,terminated,,,,,,,,N-STB is not on the live Hathway dump
stb,terminate,934,202684388,Prathap,,,,N70150038621,1055,not_on_hathway,,active,terminated,,,,,,,,N-STB is not on the live Hathway dump
stb,terminate,1037,202684382,Sharadamma,,,,N70150038910,1135,not_on_hathway,,active,terminated,,,,,,,,N-STB is not on the live Hathway dump
stb,terminate,1083,202684078,Ansari pasha (SR),,,,N70150043480,1177,not_on_hathway,,active,terminated,,,,,,,,N-STB is not on the live Hathway dump
stb,terminate,943,202684061,Shivakumar Jewellers,,,,N70150045519,1063,not_on_hathway,,active,terminated,,,,,,,,N-STB is not on the live Hathway dump
stb,terminate,1017,202684334,Chandru  (Vodophone),,,,N70150045865,1118,not_on_hathway,,active,terminated,,,,,,,,N-STB is not on the live Hathway dump
stb,terminate,556,PT-20,"Kumaranna (Bakery), (PT-20)",,,,N70150045931,1374,not_on_hathway,,active,terminated,,,,,,,,N-STB is not on the live Hathway dump
stb,already_terminated,651,202684121,Anuradha,,,,N70150046467,1012,not_on_hathway,,terminated,terminated,,,,,,,railtel:706:KA.RAVICA,Already terminated; no write
stb,terminate,496,202684145,Rakesh,,,,N70150046517,539,not_on_hathway,,suspended,terminated,,,,,,,,N-STB is not on the live Hathway dump
stb,terminate,928,202684152,Surya foot wear,,,,N70150046574,1049,not_on_hathway,,active,terminated,,,,,,,,N-STB is not on the live Hathway dump
stb,terminate,318,203661036,Manindar Home,,,,N70150049925,346,not_on_hathway,,suspended,terminated,,,,,,,,N-STB is not on the live Hathway dump
stb,terminate,1230,CN-150,"Sujatha Raju, (CN-150)",,,,N70150049941,151,not_on_hathway,,suspended,terminated,,,,,,,,N-STB is not on the live Hathway dump
stb,terminate,1308,CB-53,"Sunil Kumar, (CB-53)",,,,N70150049958,1379,not_on_hathway,,active,terminated,,,,,,,,N-STB is not on the live Hathway dump
stb,terminate,406,202800475,Mohammed Tanveer POR,,,,N70150049982,442,not_on_hathway,,suspended,terminated,,,,,,,,N-STB is not on the live Hathway dump
stb,terminate,539,202684415,Sarvamangala,,,,N70150089491,584,not_on_hathway,,inactive,terminated,,,,,,,,N-STB is not on the live Hathway dump
stb,terminate,1038,202701204,Srinivas (Koutu),,,,N70150090499,1136,not_on_hathway,,active,terminated,,,,,,,,N-STB is not on the live Hathway dump
stb,terminate,519,202684075,Tips and Bar,,,,N70150092065,1354,not_on_hathway,,active,terminated,,,,,,,,N-STB is not on the live Hathway dump
stb,already_terminated,1214,KK-12,"Nagaraju (Metro), (KK-12)",,,,N70150092719,47,not_on_hathway,,terminated,terminated,,,,,,,,Already terminated; no write
stb,terminate,48,BH-7,"Kamadenu lodge, (BH-7)",,,,N70152387554,1337,not_on_hathway,,active,terminated,,,,,,,,N-STB is not on the live Hathway dump
stb,terminate,107,CN-15,"Dasharata ramaiah, (CN-15)",,,,N70152387877,1345,not_on_hathway,,active,terminated,,,,,,,,N-STB is not on the live Hathway dump
stb,terminate,1075,203121824,Brajendra,,,,N70152396233,1377,not_on_hathway,,active,terminated,,,,,,,,N-STB is not on the live Hathway dump
stb,terminate,1067,203198062,Mubharaq,,,,N70152397249,1163,not_on_hathway,,active,terminated,,,,,,,,N-STB is not on the live Hathway dump
stb,terminate,1031,202684259,Vasu dev KG,,,,N70152397371,1130,not_on_hathway,,active,terminated,,,,,,,,N-STB is not on the live Hathway dump
stb,terminate,1117,BH-5,"Ramdev Garments, (BH-5)",,,,N70152400175,57,not_on_hathway,,suspended,terminated,,,,,,,,N-STB is not on the live Hathway dump
stb,terminate,1268,GO-MC-15,"Ramprasad, (GO-MC-15)",,,,N70152400233,354,not_on_hathway,,active,terminated,,,,,,,,N-STB is not on the live Hathway dump
stb,terminate,1039,202858905,Jaganna Pujari,,,,N70152400571,1137,not_on_hathway,,active,terminated,,,,,,,,N-STB is not on the live Hathway dump
stb,terminate,268,202684217,Bhaskar (Tailor),,,,N70152400761,295,not_on_hathway,,suspended,terminated,,,,,,,,N-STB is not on the live Hathway dump
stb,already_terminated,16,202701182,Babu (Tailor),,,,N70152401058,18,not_on_hathway,,terminated,terminated,,,,,,,,Already terminated; no write
stb,terminate,380,NC-3,"Shivaprasad, (NC-3)",,,,N70152401124,413,not_on_hathway,,active,terminated,,,,,,,,N-STB is not on the live Hathway dump
stb,terminate,1121,CN-3,"Shankar Narayana, (CN-3)",,,,N70152401132,150,not_on_hathway,,suspended,terminated,,,,,,,,N-STB is not on the live Hathway dump
stb,terminate,952,202684170,Balaji Medicals  BH,,,,N70152401538,1069,not_on_hathway,,active,terminated,,,,,,,,N-STB is not on the live Hathway dump
stb,terminate,967,202684343,Mousin,,,,N70152401876,1082,not_on_hathway,,active,terminated,,,,,,,,N-STB is not on the live Hathway dump
stb,terminate,1251,GO-GR-15,"Saroja, (GO-GR-15)",,,,N70152402031,213,not_on_hathway,,suspended,terminated,,,,,,,,N-STB is not on the live Hathway dump
stb,terminate,1047,MC-33,"Basavaraju, (MC-33)",,,,N70152402098,1145,not_on_hathway,,active,terminated,,,,,,,,N-STB is not on the live Hathway dump
stb,terminate,1277,GO-MC-16,"Shantanna, (GO-MC-16)",,,,N70152402122,364,not_on_hathway,,suspended,terminated,,,,,,,,N-STB is not on the live Hathway dump
stb,terminate,1048,202885695,Kumar MC,,,,N70152402437,1146,not_on_hathway,,active,terminated,,,,,,,,N-STB is not on the live Hathway dump
stb,terminate,1213,BA-3,"Shivaprakash, (BA-3)",,,,N70152402478,39,not_on_hathway,,suspended,terminated,,,,,,,,N-STB is not on the live Hathway dump
stb,terminate,1116,BH-2,"Bairavi Glass and plywoods, (BH-2)",,,,N70152402494,62,not_on_hathway,,suspended,terminated,,,,,,,,N-STB is not on the live Hathway dump
stb,terminate,1244,GO-MC-3,"Ratan papers, (GO-MC-3)",,,,N70152403070,1349,not_on_hathway,,active,terminated,,,,,,,,N-STB is not on the live Hathway dump
stb,terminate,972,202684414,Shashidhar Babu GR,,,,N70152403138,1086,not_on_hathway,,active,terminated,,,,,,,,N-STB is not on the live Hathway dump
stb,terminate,1044,MAG-2,"Shekarappa, (MAG-2)",,,,N70152403146,1142,not_on_hathway,,active,terminated,,,,,,,,N-STB is not on the live Hathway dump
stb,terminate,989,VT-2,"Chandu Jewellers, (VT-2)",,,,N70152403252,1098,not_on_hathway,,active,terminated,,,,,,,,N-STB is not on the live Hathway dump
stb,terminate,1106,CB-4,"Mahadev Roy, (CB-4)",,,,N70152403260,1350,not_on_hathway,,active,terminated,,,,,,,,N-STB is not on the live Hathway dump
stb,terminate,1015,202684198,Kanchi Electricals,,,,N70152403401,1116,not_on_hathway,,active,terminated,,,,,,,,N-STB is not on the live Hathway dump
stb,terminate,160,202684359,Kiran DP,,,,N70152403427,1397,not_on_hathway,,active,terminated,,,,,,,,N-STB is not on the live Hathway dump
stb,terminate,965,202684341,Hyder  Mechanic,,,,N70152404060,1080,not_on_hathway,,active,terminated,,,,,,,,N-STB is not on the live Hathway dump
stb,terminate,1057,202884975,Akbar,,,,N70152404110,1152,not_on_hathway,,active,terminated,,,,,,,,N-STB is not on the live Hathway dump
stb,terminate,315,203578579,Amjad PL,,,,N70152404342,1364,not_on_hathway,,active,terminated,,,,,,,,N-STB is not on the live Hathway dump
stb,terminate,281,202684321,Appi,,,,N70152404359,308,not_on_hathway,,suspended,terminated,,,,,,,,N-STB is not on the live Hathway dump
stb,terminate,956,202684203,Basave Gowdru,,,,N70152404797,1073,not_on_hathway,,active,terminated,,,,,,,,N-STB is not on the live Hathway dump
stb,terminate,1034,202684173,Ravikumar KT,,,,N70152404862,1133,not_on_hathway,,active,terminated,,,,,,,,N-STB is not on the live Hathway dump
stb,terminate,949,202684138,Shobha,,,,N70152404896,1067,not_on_hathway,,active,terminated,,,,,,,,N-STB is not on the live Hathway dump
stb,terminate,957,202684212,Naveen (Flower),,,,N70152404938,1074,not_on_hathway,,active,terminated,,,,,,,,N-STB is not on the live Hathway dump
stb,terminate,1035,202684309,Rajanna (Coconut),,,,N70152405059,1134,not_on_hathway,,active,terminated,,,,,,,,N-STB is not on the live Hathway dump
stb,terminate,374,202844559,Chirag NC,,,,N70152405216,1395,not_on_hathway,,active,terminated,,,,,,,,N-STB is not on the live Hathway dump
stb,terminate,946,202684099,Honnappa(Master),,,,N70152407220,1065,not_on_hathway,,active,terminated,,,,,,,,N-STB is not on the live Hathway dump
stb,terminate,947,202684102,Jafar,,,,N70152407964,1066,not_on_hathway,,active,terminated,,,,,,,,N-STB is not on the live Hathway dump
stb,terminate,960,202684258,Mubarak,,,,N70152408251,1077,not_on_hathway,,active,terminated,,,,,,,,N-STB is not on the live Hathway dump
stb,terminate,1071,202684241,Shakeel,,,,N70152408400,1166,not_on_hathway,,active,terminated,,,,,,,,N-STB is not on the live Hathway dump
stb,terminate,493,202684090,Kikeri Traders,,,,N70152408442,536,not_on_hathway,,suspended,terminated,,,,,,,,N-STB is not on the live Hathway dump
stb,terminate,1021,202684469,Mahalingeswara Stores,,,,N70152408533,1122,not_on_hathway,,active,terminated,,,,,,,,N-STB is not on the live Hathway dump
stb,terminate,1059,202684204,Chethana (Manjunath Lodge),,,,N70152408657,1154,not_on_hathway,,active,terminated,,,,,,,,N-STB is not on the live Hathway dump
stb,terminate,959,202684227,Yateesh (GAS),,,,N70152408756,1076,not_on_hathway,,active,terminated,,,,,,,,N-STB is not on the live Hathway dump
stb,terminate,966,202684342,Chandranna Gowdru,,,,N70152408939,1081,not_on_hathway,,active,terminated,,,,,,,,N-STB is not on the live Hathway dump
stb,terminate,1216,BH-23,Sarala (Sister) (BH-23),,,,N70152413590,61,not_on_hathway,,suspended,terminated,,,,,,,,N-STB is not on the live Hathway dump
stb,terminate,151,202684183,Hari Babanna,,,,N70152413632,1352,not_on_hathway,,active,terminated,,,,,,,,N-STB is not on the live Hathway dump
stb,terminate,1328,VH-6,"Subrahmaniyam (Shamiyana), (VH-6)",,,,N70152413764,1393,not_on_hathway,,active,terminated,,,,,,,,N-STB is not on the live Hathway dump
stb,terminate,857,202684465,Asif Hussain,,,,N70152413806,1043,not_on_hathway,,active,terminated,,,,,,,railtel:926:KA.ASIFHUSSAIN,N-STB is not on the live Hathway dump
stb,terminate,346,202736204,Rajendra Lodge,,,,N70152413871,1372,not_on_hathway,,active,terminated,,,,,,,,N-STB is not on the live Hathway dump
stb,terminate,995,GO-SR-10,"Natesh, (GO-SR-10)",,,,N70152416155,1103,not_on_hathway,,active,terminated,,,,,,,,N-STB is not on the live Hathway dump
stb,terminate,396,204135673,Rakshith,,,,N70152416593,432,not_on_hathway,,suspended,terminated,,,,,,,,N-STB is not on the live Hathway dump
stb,terminate,979,202684477,Kannika Agency,,,,N70152416635,1092,not_on_hathway,,active,terminated,,,,,,,,N-STB is not on the live Hathway dump
stb,terminate,1016,202684295,Harish (Tailor),,,,N70152416817,1117,not_on_hathway,,active,terminated,,,,,,,,N-STB is not on the live Hathway dump
stb,terminate,427,GO-RS-1,"Rangasons, (GO-RS-1)",,,,N70152416882,1042,not_on_hathway,,active,terminated,,,,,,,,N-STB is not on the live Hathway dump
stb,terminate,1042,202684142,TN Nagaraju,,,,N70152416924,1140,not_on_hathway,,active,terminated,,,,,,,,N-STB is not on the live Hathway dump
stb,terminate,1239,LB-5,"Ajaz, (Lb-5)",,,,N70152420215,1346,not_on_hathway,,active,terminated,,,,,,,,N-STB is not on the live Hathway dump
stb,terminate,269,202684221,Ramakrishnachar,,,,N70152455765,296,not_on_hathway,,suspended,terminated,,,,,,,,N-STB is not on the live Hathway dump
stb,terminate,545,202701226,Vasanth Kumar VH,,,,N70152455898,590,not_on_hathway,,active,terminated,,,,,,,,N-STB is not on the live Hathway dump
stb,terminate,933,202684122,Sambashiva Murthy,,,,N70152458173,1054,not_on_hathway,,active,terminated,,,,,,,,N-STB is not on the live Hathway dump
stb,terminate,40,203610616,Zafar Pasha,,,,N70174970460,1384,not_on_hathway,,active,terminated,,,,,,,,N-STB is not on the live Hathway dump
stb,terminate,1088,203511495,Shoukat husain,,,,N70175026114,1182,not_on_hathway,,active,terminated,,,,,,,,N-STB is not on the live Hathway dump
stb,terminate,932,203747814,Devaraj SLV,,,,N70175036386,1053,not_on_hathway,,active,terminated,,,,,,,,N-STB is not on the live Hathway dump
stb,terminate,445,203720700,Gayithramma,,,,N70175036618,487,not_on_hathway,,suspended,terminated,,,,,,,,N-STB is not on the live Hathway dump
stb,terminate,306,204192663,Mahesh (kote),,,,N70175036667,333,not_on_hathway,,active,terminated,,,,,,,,N-STB is not on the live Hathway dump
stb,terminate,23,203401976,Gopi (Tetha),,,,N70175037079,25,not_on_hathway,,suspended,terminated,,,,,,,,N-STB is not on the live Hathway dump
stb,terminate,1023,203327041,Naveen,,,,N70175040735,1124,not_on_hathway,,active,terminated,,,,,,,,N-STB is not on the live Hathway dump
stb,terminate,1058,203446158,Irfan ML,,,,N70175040917,1153,not_on_hathway,,active,terminated,,,,,,,,N-STB is not on the live Hathway dump
stb,terminate,1053,203613205,Gowthan mC,,,,N70175040974,1150,not_on_hathway,,active,terminated,,,,,,,,N-STB is not on the live Hathway dump
stb,terminate,1009,203413021,Nagaraju (Metro- Home),,,,N70177347377,1112,not_on_hathway,,active,terminated,,,,,,,,N-STB is not on the live Hathway dump
stb,terminate,1013,203610066,Vinay CN,,,,N70177408799,1115,not_on_hathway,,active,terminated,,,,,,,,N-STB is not on the live Hathway dump
stb,terminate,1007,203317111,Vinay RS,,,,N70177421115,1111,not_on_hathway,,active,terminated,,,,,,,,N-STB is not on the live Hathway dump
stb,terminate,70,202684317,Shashi Shekar,,,,N70177421222,1341,not_on_hathway,,active,terminated,,,,,,,,N-STB is not on the live Hathway dump
stb,terminate,1051,203289376,Sairam,,,,N70177421230,1148,not_on_hathway,,active,terminated,,,,,,,,N-STB is not on the live Hathway dump
stb,terminate,1062,203320214,Vijayamma MST,,,,N70177421248,1158,not_on_hathway,,active,terminated,,,,,,,,N-STB is not on the live Hathway dump
stb,terminate,20,203292483,Jagadesh,,,,N70177421263,22,not_on_hathway,,suspended,terminated,,,,,,,,N-STB is not on the live Hathway dump
stb,terminate,1012,203497569,Waseem,,,,N70177468611,1114,not_on_hathway,,active,terminated,,,,,,,,N-STB is not on the live Hathway dump
stb,terminate,1011,203476284,Chandranna KT,,,,N70177468736,1113,not_on_hathway,,active,terminated,,,,,,,,N-STB is not on the live Hathway dump
stb,terminate,1033,203728529,Latha,,,,N70177469486,1132,not_on_hathway,,active,terminated,,,,,,,,N-STB is not on the live Hathway dump
stb,terminate,925,203479980,Kumar Bidre,,,,N70177481747,1048,not_on_hathway,,active,terminated,,,,,,,,N-STB is not on the live Hathway dump
stb,terminate,1068,203820415,Jameer Pasha,,,,N70177485284,1164,not_on_hathway,,active,terminated,,,,,,,,N-STB is not on the live Hathway dump
stb,terminate,1073,203802918,Nagesh PR,,,,N70177485607,1168,not_on_hathway,,active,terminated,,,,,,,,N-STB is not on the live Hathway dump
stb,terminate,1024,203413189,Ramaswamy,,,,N70177485805,1125,not_on_hathway,,active,terminated,,,,,,,,N-STB is not on the live Hathway dump
stb,terminate,1052,203423443,Swamy (MC),,,,N70177485854,1149,not_on_hathway,,active,terminated,,,,,,,,N-STB is not on the live Hathway dump
stb,terminate,1010,203416413,Chaitra (Sister),,,,N70177485920,1072,not_on_hathway,,active,terminated,,,,,,,,N-STB is not on the live Hathway dump
stb,terminate,1227,GO-CN-66,"Madhu (RTO), (GO-CN-66)",,,,N70939619188,135,not_on_hathway,,active,terminated,,,,,,,,N-STB is not on the live Hathway dump
stb,terminate,1019,203888854,Manju,,,,N70939883099,1120,not_on_hathway,,active,terminated,,,,,,,,N-STB is not on the live Hathway dump
stb,terminate,55,203609798,Vijaya pharma,,,,N70939883248,63,not_on_hathway,,suspended,terminated,,,,,,,,N-STB is not on the live Hathway dump
stb,terminate,1069,203907724,Shafi,,,,N70940134045,1165,not_on_hathway,,active,terminated,,,,,,,,N-STB is not on the live Hathway dump
stb,terminate,941,203888858,Kumar,,,,N70940134060,1060,not_on_hathway,,active,terminated,,,,,,,,N-STB is not on the live Hathway dump
stb,terminate,1092,203966961,Nilesh,,,,N70940134086,1185,not_on_hathway,,active,terminated,,,,,,,,N-STB is not on the live Hathway dump
stb,terminate,1032,203841673,Devatha Garments Home,,,,N70940404604,1131,not_on_hathway,,active,terminated,,,,,,,,N-STB is not on the live Hathway dump
stb,terminate,1040,204567384,Hanumanthraj,,,,N71715835923,1138,not_on_hathway,,active,terminated,,,,,,,,N-STB is not on the live Hathway dump
stb,canonicalize,894,202684450,Veda Teacher,,,,N71724529731,1031,t_to_n,ACTIVE,active,active,,,,,,,railtel:964:KA.VEDHATEACHER,Store upstream_id T403225950316 as N71724529731
stb,terminate,1339,,SS Jewellers SK,,,,N71728253767,1413,not_on_hathway,,active,terminated,,,,,,,,N-STB is not on the live Hathway dump
stb,terminate,255,204177720,Shivanna (kodi),,,,N71728254294,281,not_on_hathway,,suspended,terminated,,,,,,,,N-STB is not on the live Hathway dump
stb,terminate,371,204135676,Kalavathi,,,,N71728531477,403,not_on_hathway,,active,terminated,,,,,,,,N-STB is not on the live Hathway dump
stb,canonicalize,1209,BH-40,Viji Tip,,,,N71735496680,1330,t_to_n,ACTIVE,active,active,,,,,,,,Store upstream_id T403236970386 as N71735496680
stb,terminate,1055,202684164,Rafi,,,,N72202754460,1151,not_on_hathway,,active,terminated,,,,,,,,N-STB is not on the live Hathway dump
stb,terminate,58,203831367,Krupa-Home,,,,N72202968623,1339,not_on_hathway,,active,terminated,,,,,,,railtel:920:KA.KRUPAH; iptv:1205:9019563840; ott:1211:9019563840,N-STB is not on the live Hathway dump
stb,terminate,77,203831365,Pavan,,,,N72202973110,1342,not_on_hathway,,active,terminated,,,,,,,,N-STB is not on the live Hathway dump
stb,terminate,77,203831365,Pavan,,,,N72203262059,1343,not_on_hathway,,active,terminated,,,,,,,,N-STB is not on the live Hathway dump
stb,terminate,565,204652297,Kishor CG,,,,T403241105440,1416,not_on_hathway,,active,terminated,,,,,,,,Id is not a live N-STB
stb,terminate,1342,BC-30,Padmavathi,,,,T403241309638,1417,not_on_hathway,,active,terminated,,,,,,,,Id is not a live N-STB
stb,unmatched,,,,Krishnaveni,,,N70130864948,,no_safe_customer,ACTIVE,,,,,,,,,,phone_name_differs:203661036:Manindar Home
stb,unmatched,,,,,,,N70130923132,,no_mobize,INACTIVE,,,,,,,,,,Hathway name PARAMA NETWORKS; no customer created
stb,unmatched,,,,,,,N70130932695,,no_mobize,INACTIVE,,,,,,,,,,Hathway name VK tiptur; no customer created
stb,unmatched,,,,,,,N70152402148,,no_mobize,ACTIVE,,,,,,,,,,Hathway name krupa sagar; no customer created
stb,unmatched,,,,,,,N70152415827,,no_mobize,INACTIVE,,,,,,,,,,Hathway name KRUPA KRUPA; no customer created
stb,unmatched,,,,,,,N70175025652,,no_mobize,INACTIVE,,,,,,,,,,Hathway name Krupasagar H; no customer created
stb,unmatched,,,,,,,N70177480764,,no_mobize,ACTIVE,,,,,,,,,,Hathway name DIGITAL NETWORK; no customer created
stb,attach,372,204403458,Venkataraju(mst),Venkataraju mst,,,N70199338420,,phone_same_household,ACTIVE,,active,,,,,,,,"Unique Mobize phone, same name. Not used when the only household on that phone is Railtel, IPTV, or OTT."
stb,attach,342,204403459,Mayur,Mayur,,,N70199387567,,phone_same_household,ACTIVE,,active,,,,,,,,"Unique Mobize phone, same name. Not used when the only household on that phone is Railtel, IPTV, or OTT."
stb,unmatched,,,,,,,N70939620277,,no_mobize,ACTIVE,,,,,,,,,,Hathway name krupa sagar; no customer created
stb,unmatched,,,,,,,N70940350427,,no_mobize,ACTIVE,,,,,,,,,,Hathway name krupa sagar; no customer created
stb,unmatched,,,,,,,N70940350518,,no_mobize,INACTIVE,,,,,,,,,,Hathway name krupa sagar; no customer created
stb,unmatched,,,,,,,N70940350542,,no_mobize,INACTIVE,,,,,,,,,,Hathway name krupa sagar; no customer created
stb,attach,304,204135675,Chandru kumar,Chandru kumar,,,N71706468064,,phone_same_household,ACTIVE,,active,,,,,,,,"Unique Mobize phone, same name. Not used when the only household on that phone is Railtel, IPTV, or OTT."
stb,unmatched,,,,,,,N71706473957,,no_mobize,ACTIVE,,,,,,,,,,Hathway name krupa sagar; no customer created
stb,unmatched,,,,,,,N71715857174,,no_mobize,ACTIVE,,,,,,,,,,Hathway name Vk Tiptur; no customer created
stb,attach,565,204652297,Kishor CG,Kishor,,,N71723049715,,phone_existing_hathway,ACTIVE,,active,,,,,,,,"Unique Mobize phone, same name. Not used when the only household on that phone is Railtel, IPTV, or OTT."
review,attach_held,27,AJ-27,"Manoj jewellers, (AJ-27)",Srikanth MS,,,N71728255333,,code,ACTIVE,,,,,,,,,,"Code AJ-27 is on this customer, but the name is 'Manoj jewellers, (AJ-27)' here and 'Srikanth MS' in Mobize. Box not attached."
stb,attach,28,204234889,Vasantha,Vasantha,,,N71734719736,,phone_same_household,ACTIVE,,active,,,,,,,,"Unique Mobize phone, same name. Not used when the only household on that phone is Railtel, IPTV, or OTT."
stb,attach,141,204197228,Harish (CN),Harish CN,,,N71734723183,,phone_same_household,ACTIVE,,active,,,,,,,,"Unique Mobize phone, same name. Not used when the only household on that phone is Railtel, IPTV, or OTT."
review,attach_held,1321,BA-16,"Syed Suhail Ahmed, (BA-16)",Ramdev times,,,N71734729701,,code,ACTIVE,,,,,,,,,,"Code BA-16 is on this customer, but the name is 'Syed Suhail Ahmed, (BA-16)' here and 'Ramdev times' in Mobize. Box not attached."
stb,unmatched,,,,,,,N71734730253,,no_mobize,ACTIVE,,,,,,,,,,Hathway name krupa sagar; no customer created
review,attach_held,520,SVP-5,"Manoj, (SVP-5)",Kumar Vegetable SVP,,,N71734731772,,code,ACTIVE,,,,,,,,,,"Code SVP-5 is on this customer, but the name is 'Manoj, (SVP-5)' here and 'Kumar Vegetable SVP' in Mobize. Box not attached."
stb,attach,426,204394119,Jayanthi,Jayanthi,,,N71734734412,,phone_same_household,ACTIVE,,active,,,,,,,,"Unique Mobize phone, same name. Not used when the only household on that phone is Railtel, IPTV, or OTT."
stb,attach,93,204388631,Ningaraju,Ningaraju,,,N71734741045,,phone_same_household,ACTIVE,,active,,,,,,,,"Unique Mobize phone, same name. Not used when the only household on that phone is Railtel, IPTV, or OTT."
stb,attach,192,204231996,Kumaramma,Kumaramma,,,N71735496649,,phone_same_household,ACTIVE,,active,,,,,,,,"Unique Mobize phone, same name. Not used when the only household on that phone is Railtel, IPTV, or OTT."
stb,unmatched,,,,,,,N71735520083,,no_mobize,ACTIVE,,,,,,,,,,Hathway name krupa sagar; no customer created
stb,attach,270,202684229,Jayadevappa Lawyer,Jayadevappa Lawyer,,,N71735521636,,phone_same_household,ACTIVE,,active,,,,,,,,"Unique Mobize phone, same name. Not used when the only household on that phone is Railtel, IPTV, or OTT."
stb,attach,367,203325195,Zahur,Zahur,,,N71735523160,,phone_same_household,ACTIVE,,active,,,,,,,,"Unique Mobize phone, same name. Not used when the only household on that phone is Railtel, IPTV, or OTT."
stb,attach,531,202684092,Prathap (VT),Prathap VT,,,N71735527914,,phone_same_household,ACTIVE,,active,,,,,,,,"Unique Mobize phone, same name. Not used when the only household on that phone is Railtel, IPTV, or OTT."
stb,unmatched,,,,,,,N72202663182,,no_mobize,ACTIVE,,,,,,,,,,Hathway name Ashwini sdjh; no customer created
review,attach_held,1111,BH-18,Dileep (Cable),Dilipa,,,N72202663794,,code,ACTIVE,,,,,,,,,,"Code BH-18 is on this customer, but the name is 'Dileep (Cable)' here and 'Dilipa' in Mobize. Box not attached."
stb,unmatched,,,,,,,N72202663901,,no_mobize,ACTIVE,,,,,,,,,,Hathway name Vk Tiptur; no customer created
review,review,1112,202684208,Yogeesh (Pipe),,,,N70150032970,2,stb_kept,,,,,,,,,,,Box stays on 202684208 Yogeesh (Pipe) (already this Hathway connection). Mobize code is also on CG-8→1 Yogeesh Pipe. Not moved.
review,review,1112,202684208,Yogeesh (Pipe),,,,N70940134037,3,stb_kept,,,,,,,,,,,Box stays on 202684208 Yogeesh (Pipe) (already this Hathway connection). Mobize code is also on CG-8→1 Yogeesh Pipe. Not moved.
review,review,1319,AJ-9,"Rajashekar (Manager), (AJ-9)",,,,N70150038381,5,stb_kept,,,,,,,,,,,"Box stays on AJ-9 Rajashekar (Manager), (AJ-9) (already this Hathway connection). Mobize code is also on AJ-3→3 Rajashekar Manager AJ. Not moved."
review,review,1210,AJ-66,"Ramesh Jingade, (AJ-66)",,,,N70152404888,7,stb_kept,,,,,,,,,,,"Box stays on AJ-66 Ramesh Jingade, (AJ-66) (already this Hathway connection). Mobize code is also on AJ-5→5 Ramesh Jingade AJ. Not moved."
stb,update,7,202684323,Kumar (Hotel),,,,N70150033150,9,existing_n,ACTIVE,suspended,active,,,HW KA BRONZE 30d,HW KA BRONZE 30d,2026-09-16,2026-10-16,,status suspended→active; expiry from Hathway main pack
stb,update,8,202684364,Yateesh,,,,N70174983174,10,existing_n,ACTIVE,active,active,,,HW KA BRONZE 30d,HW KA BRONZE 30d,2026-09-30,2026-10-30,,expiry from Hathway main pack
review,review,9,202684365,Kanchi Provision Stores,,,,N70150031717,11,stb_kept,,,,,,,,,,,"Box stays on 202684365 Kanchi Provision Stores (already this Hathway connection). Mobize code is also on AJ-9→1319 Rajashekar (Manager), (AJ-9). Not moved."
stb,update,11,202684411,Narayanachar AJ,,,,N70152400324,13,existing_n,ACTIVE,active,active,,,HW KA SILVER KANNADA HD 30d,HW KA SILVER KANNADA HD 30d,2026-09-18,2026-10-18,,expiry from Hathway main pack
review,review,1320,AJ-19,"Sampath Kumar, (AJ-19)",,,,N70142580334,20,stb_kept,,,,,,,,,,,"Box stays on AJ-19 Sampath Kumar, (AJ-19) (already this Hathway connection). Mobize code is also on AJ-18→18 Sampath Kumar AJ. Not moved."
review,review,19,202863029,Kumar AJT,,,,N70130830725,21,stb_kept,,,,,,,,,,,"Box stays on 202863029 Kumar AJT (already this Hathway connection). Mobize code is also on AJ-19→1320 Sampath Kumar, (AJ-19). Not moved."
stb,update,21,203327989,ARJUN (AJ),,,,N70174983208,23,existing_n,ACTIVE,active,active,,,HW KA BUDGET KANNADA TELUGU SD 30d,HW KA BUDGET KANNADA TELUGU SD 30d,2026-09-17,2026-10-17,railtel:1288:ARJUN_SJC,expiry from Hathway main pack
review,review,1322,BA-11,"Prakash (Hardware store), (BA-11)",,,,N70150037755,34,stb_kept,,,,,,,,,,,"Box stays on BA-11 Prakash (Hardware store), (BA-11) (already this Hathway connection). Mobize code is also on BA-5→32 Prakash Hardware store BA. Not moved."
review,review,1211,BA-23,"Bhavar Lal, (BA-23)",,,,N70152403120,35,stb_kept,,,,,,,,,,,"Box stays on BA-23 Bhavar Lal, (BA-23) (already this Hathway connection). Mobize code is also on BA-6→33 Bhavar Lal BA. Not moved."
review,review,1113,BA-2,"Dinesha (Ramdev), (BA-2)",,,,N71715344132,36,stb_kept,,,,,,,,,,,"Box stays on BA-2 Dinesha (Ramdev), (BA-2) (already this Hathway connection). Mobize code is also on BA-7→34 Dinesha Ramdev BA. Not moved."
review,review,36,BA-9,"Rasik Behari Kesari, (BA-9)",,,,N70150032699,37,stb_kept,,,,,,,,,,,"Box stays on BA-9 Rasik Behari Kesari, (BA-9) (already this Hathway connection). Mobize code is also on BA-8→35 Rasik Behari Kesari BA. Not moved."
review,review,38,202928475,Nirmala,,,,N70130887287,40,stb_kept,,,,,,,,,,,"Box stays on 202928475 Nirmala (already this Hathway connection). Mobize code is also on BA-11→1322 Prakash (Hardware store), (BA-11). Not moved."
stb,update,39,203356913,Munovar (BA),,,,N70177421255,41,existing_n,ACTIVE,suspended,active,,,KARNATAKA FTA 30d,KARNATAKA FTA 30d,2026-09-29,2026-09-29,,status suspended→active
stb,update,42,203784868,Suresh BA,,,,N70175036428,44,existing_n,ACTIVE,active,active,,,HW KA SILVER KANNADA SD 30d,HW KA SILVER KANNADA SD 30d,2026-09-18,2026-10-18,,expiry from Hathway main pack
review,review,1214,KK-12,"Nagaraju (Metro), (KK-12)",,,,N70152397934,46,stb_kept,,,,,,,,,,,"Box stays on KK-12 Nagaraju (Metro), (KK-12) (already this Hathway connection). Mobize code is also on BH-1→44 Nagaraju Metro KK. Not moved."
review,review,48,BH-7,"Kamadenu lodge, (BH-7)",,,,N70130835393,52,stb_kept,,,,,,,,,,,"Box stays on BH-7 Kamadenu lodge, (BH-7) (already this Hathway connection). Mobize code is also on BH-5→1117 Ramdev Garments, (BH-5). Not moved."
review,review,48,BH-7,"Kamadenu lodge, (BH-7)",,,,N70152386622,53,stb_kept,,,,,,,,,,,"Box stays on BH-7 Kamadenu lodge, (BH-7) (already this Hathway connection). Mobize code is also on BH-5→1117 Ramdev Garments, (BH-5). Not moved."
review,review,48,BH-7,"Kamadenu lodge, (BH-7)",,,,N70152383751,54,stb_kept,,,,,,,,,,,"Box stays on BH-7 Kamadenu lodge, (BH-7) (already this Hathway connection). Mobize code is also on BH-5→1117 Ramdev Garments, (BH-5). Not moved."
review,review,48,BH-7,"Kamadenu lodge, (BH-7)",,,,N70150018698,55,stb_kept,,,,,,,,,,,"Box stays on BH-7 Kamadenu lodge, (BH-7) (already this Hathway connection). Mobize code is also on BH-5→1117 Ramdev Garments, (BH-5). Not moved."
review,review,48,BH-7,"Kamadenu lodge, (BH-7)",,,,N70150033051,56,stb_kept,,,,,,,,,,,"Box stays on BH-7 Kamadenu lodge, (BH-7) (already this Hathway connection). Mobize code is also on BH-5→1117 Ramdev Garments, (BH-5). Not moved."
stb,update,51,BH-8,"Govinda (Tailor), (BH-8)",,,,N70130895124,59,existing_n,ACTIVE,active,active,,,HW KA BRONZE 30d,HW KA BRONZE 30d,2026-09-19,2026-10-19,,expiry from Hathway main pack
review,review,1323,BS-5,"Bedirambika Provision Stores, (BS-5)",,,,N70130897062,70,stb_kept,,,,,,,,,,,"Box stays on BS-5 Bedirambika Provision Stores, (BS-5) (already this Hathway connection). Mobize code is also on BS-2→61 Bedirambika Provision Stores BS. Not moved."
review,review,1217,BS-3,"Mahalakshmi Metal Stores, (BS-3)",,,,N70130931796,71,stb_kept,,,,,,,,,,,"Box stays on BS-3 Mahalakshmi Metal Stores, (BS-3) (already this Hathway connection). Mobize code is also on BS-4→62 Mahalakshmi Metal Stores BS. Not moved."
review,review,63,202684238,Kiran Bondade,,,,N70130929014,72,stb_kept,,,,,,,,,,,"Box stays on 202684238 Kiran Bondade (already this Hathway connection). Mobize code is also on BS-5→1323 Bedirambika Provision Stores, (BS-5). Not moved."
stb,update,65,202684407,Gajendra Traders,,,,N70130928743,75,existing_n,ACTIVE,active,active,,,HW KA BRONZE 30d,HW KA BRONZE 30d,2026-09-18,2026-10-18,,expiry from Hathway main pack
stb,update,66,202684418,ARUN KUMAR BS,,,,N70142556904,76,existing_n,ACTIVE,active,active,,,HW KA GOLD KANNADA TELUGU SPECIAL 30d,HW KA GOLD KANNADA TELUGU SPECIAL 30d,2026-09-19,2026-10-19,,expiry from Hathway main pack
review,review,73,CB-6,"Sunil Bhushan, (CB-6)",,,,N70150032855,83,stb_kept,,,,,,,,,,,"Box stays on CB-6 Sunil Bhushan, (CB-6) (already this Hathway connection). Mobize code is also on CB-5→72 Sunil Bhushan CB. Not moved."
stb,update,73,CB-6,"Sunil Bhushan, (CB-6)",,,,N70150032855,83,existing_n,ACTIVE,suspended,active,,,KARNATAKA FTA 30d,KARNATAKA FTA 30d,2026-09-29,2026-09-29,,status suspended→active
review,review,1118,CB-2,"Bharath Bushan, (CB-2)",,,,N70150043506,84,stb_kept,,,,,,,,,,,"Box stays on CB-2 Bharath Bushan, (CB-2) (already this Hathway connection). Mobize code is also on CB-6→73 Sunil Bhushan, (CB-6). Not moved."
review,review,1219,CB-77,"Sarthvalli Suresh, (CB-77)",,,,N70142557258,85,stb_kept,,,,,,,,,,,"Box stays on CB-77 Sarthvalli Suresh, (CB-77) (already this Hathway connection). Mobize code is also on CB-7→74 Sarthvalli Suresh CB. Not moved."
stb,update,83,202684201,Sridhar Jewerllers,,,,N70150038688,95,existing_n,INACTIVE,active,inactive,,,HW KA BRONZE KANNADA HD 30d,,2026-09-16,2026-09-16,,status active→inactive
stb,update,84,202684202,Basavarju,,,,N70130838231,96,existing_n,ACTIVE,active,active,,,HW KA BRONZE 30d,HW KA BRONZE 30d,2026-09-17,2026-10-17,,expiry from Hathway main pack
review,review,1120,CG-5,"Nataraj, (CG-5)",,,,N70150083932,99,stb_kept,,,,,,,,,,,"Box stays on CG-5 Nataraj, (CG-5) (already this Hathway connection). Mobize code is also on CG-12→87 Nataraj CG. Not moved."
stb,update,1120,CG-5,"Nataraj, (CG-5)",,,,N70150083932,99,existing_n,ACTIVE,active,active,,,Custom Rs 400,HW KA KANNADA TELUGU HINDI HD 30d,,2026-10-11,,plan from Hathway main pack; expiry from Hathway main pack
review,review,89,CG-14,"Nandanna, (CG-14)",,,,N70150090804,100,stb_kept,,,,,,,,,,,"Box stays on CG-14 Nandanna, (CG-14) (already this Hathway connection). Mobize code is also on CG-13→88 Nandanna CG. Not moved."
review,review,1119,CG-2,"Shivananda Swamy, (CG-2)",,,,N70152454966,101,stb_kept,,,,,,,,,,,"Box stays on CG-2 Shivananda Swamy, (CG-2) (already this Hathway connection). Mobize code is also on CG-14→89 Nandanna, (CG-14). Not moved."
stb,update,95,202684044,Dakshinamurthy,,,,N70130910766,107,existing_n,ACTIVE,active,active,,,HW KA BRONZE 30d,HW KA BRONZE 30d,2026-09-18,2026-10-18,,expiry from Hathway main pack
review,review,97,GO-CN-1,"Pandith, (GO-CN-1)",,,,N70130929220,109,stb_kept,,,,,,,,,,,"Box stays on GO-CN-1 Pandith, (GO-CN-1) (already this Hathway connection). Mobize code is also on CN-3→1121 Shankar Narayana, (CN-3). Not moved."
stb,update,97,GO-CN-1,"Pandith, (GO-CN-1)",,,,N70130929220,109,existing_n,ACTIVE,active,active,,,HW KA BRONZE 30d,HW KA BRONZE 30d,2026-09-18,2026-10-18,,expiry from Hathway main pack
stb,update,99,202684177,Naresh,,,,N70130929477,111,existing_n,ACTIVE,active,active,,,HW KA BRONZE 30d,HW KA BRONZE 30d,2026-09-18,2026-10-18,,expiry from Hathway main pack
review,review,1221,GO-CN-13,"B. S Babu, (GO-CN-13)",,,,N70130933800,113,stb_kept,,,,,,,,,,,"Box stays on GO-CN-13 B. S Babu, (GO-CN-13) (already this Hathway connection). Mobize code is also on CN-9→101 B S Babu GO CN. Not moved."
stb,update,1221,GO-CN-13,"B. S Babu, (GO-CN-13)",,,,N70130933800,113,existing_n,ACTIVE,active,active,,,HW KA BUDGET KANNADA SD 30d,HW KA BUDGET KANNADA SD 30d,2026-09-18,2026-10-18,,expiry from Hathway main pack
review,review,1222,GO-CN-24,"Gopanna, (GO-CN-24)",,,,N70152413798,115,stb_kept,,,,,,,,,,,"Box stays on GO-CN-24 Gopanna, (GO-CN-24) (already this Hathway connection). Mobize code is also on CN-11→103 Gopanna GO CN. Not moved."
review,review,1222,GO-CN-24,"Gopanna, (GO-CN-24)",,,,N70152454180,116,stb_kept,,,,,,,,,,,"Box stays on GO-CN-24 Gopanna, (GO-CN-24) (already this Hathway connection). Mobize code is also on CN-11→103 Gopanna GO CN. Not moved."
review,review,1222,GO-CN-24,"Gopanna, (GO-CN-24)",,,,N70150043415,117,stb_kept,,,,,,,,,,,"Box stays on GO-CN-24 Gopanna, (GO-CN-24) (already this Hathway connection). Mobize code is also on CN-11→103 Gopanna GO CN. Not moved."
stb,update,104,202684306,Nanjundappa,,,,N70130898870,118,existing_n,ACTIVE,active,active,,,HW KA BRONZE 30d,HW KA BRONZE 30d,2026-09-18,2026-10-18,,expiry from Hathway main pack
stb,update,104,202684306,Nanjundappa,,,,N70130899480,119,existing_n,ACTIVE,active,active,,,HW KA BRONZE 30d,HW KA BRONZE 30d,2026-09-19,2026-10-19,,expiry from Hathway main pack
stb,update,110,202684416,Jagadesh (welding),,,,N70130929311,125,existing_n,ACTIVE,active,active,,,HW KA BRONZE 30d,HW KA BRONZE 30d,2026-09-18,2026-10-18,,expiry from Hathway main pack
stb,update,111,202684425,Venkateshwara traders,,,,N70130693206,126,existing_n,ACTIVE,suspended,active,,,KARNATAKA FTA 30d,KARNATAKA FTA 30d,2026-10-28,2026-10-28,,status suspended→active
stb,update,111,202684425,Venkateshwara traders,,,,N70152420405,127,existing_n,ACTIVE,suspended,active,,,HW KA SOUTH GOLD KANNADA TELUGU HD 30d,HW KA SOUTH GOLD KANNADA TELUGU HD 30d,2026-10-07,2026-10-07,,status suspended→active
review,review,1224,GO-CN-52,"Paniraj, (GO-CN-52)",,,,N70130929535,128,stb_kept,,,,,,,,,,,"Box stays on GO-CN-52 Paniraj, (GO-CN-52) (already this Hathway connection). Mobize code is also on CN-20→112 Paniraj GO CN. Not moved."
stb,update,1224,GO-CN-52,"Paniraj, (GO-CN-52)",,,,N70130929535,128,existing_n,ACTIVE,active,active,,,HW KA BRONZE 30d,HW KA BRONZE 30d,2026-09-18,2026-10-18,,expiry from Hathway main pack
stb,update,115,202684474,Girish,,,,N70130910501,132,existing_n,ACTIVE,active,active,,,HW KA BRONZE 30d,HW KA BRONZE 30d,2026-09-18,2026-10-18,,expiry from Hathway main pack
review,review,1225,CN-6,"Kumar (Auto), (CN-6)",,,,N70130929469,133,stb_kept,,,,,,,,,,,"Box stays on CN-6 Kumar (Auto), (CN-6) (already this Hathway connection). Mobize code is also on CN-24→116 Kumar Auto CN. Not moved."
stb,update,1225,CN-6,"Kumar (Auto), (CN-6)",,,,N70130929469,133,existing_n,ACTIVE,active,active,,,HW KA BRONZE 30d,HW KA BRONZE 30d,2026-09-30,2026-10-30,,expiry from Hathway main pack
review,review,1226,GO-CN-20,"Ashwat Narayan, (GO-CN-20)",,,,N70130891883,134,stb_kept,,,,,,,,,,,"Box stays on GO-CN-20 Ashwat Narayan, (GO-CN-20) (already this Hathway connection). Mobize code is also on CN-27→117 Ashwat Narayan GO CN. Not moved."
review,review,1228,GO-CN-3,"Nagendra kumar, (GO-CN-3)",,,,N70142570392,136,stb_kept,,,,,,,,,,,"Box stays on GO-CN-3 Nagendra kumar, (GO-CN-3) (already this Hathway connection). Mobize code is also on CN-29→119 Nagendra kumar GO CN. Not moved."
review,review,1229,GO-CN-32,"Manjanna, (GO-CN-32)",,,,N70130884458,137,stb_kept,,,,,,,,,,,"Box stays on GO-CN-32 Manjanna, (GO-CN-32) (already this Hathway connection). Mobize code is also on CN-30→120 Manjanna GO CN. Not moved."
review,review,1326,VH-11,"Aravind, (VH-11)",,,,N70150046582,139,stb_kept,,,,,,,,,,,"Box stays on VH-11 Aravind, (VH-11) (already this Hathway connection). Mobize code is also on CN-32→122 Aravind VH. Not moved."
stb,update,1326,VH-11,"Aravind, (VH-11)",,,,N70150046582,139,existing_n,ACTIVE,suspended,active,,,KARNATAKA FTA 30d,KARNATAKA FTA 30d,2026-09-29,2026-09-29,,status suspended→active
review,review,1327,VH-1,"AMARNATH, (VH-1)",,,,N70150044173,140,stb_kept,,,,,,,,,,,"Box stays on VH-1 AMARNATH, (VH-1) (already this Hathway connection). Mobize code is also on CN-33→123 AMARNATH VH. Not moved."
stb,update,1327,VH-1,"AMARNATH, (VH-1)",,,,N70150044173,140,existing_n,ACTIVE,active,active,,,HW KA GOLD KANNADA TELUGU SPECIAL 30d,HW KA GOLD KANNADA TELUGU SPECIAL 30d,2026-09-17,2026-10-17,,expiry from Hathway main pack
review,review,1122,CN-21,"Sowmya, (CN-21)",,,,N70130895736,141,stb_kept,,,,,,,,,,,"Box stays on CN-21 Sowmya, (CN-21) (already this Hathway connection). Mobize code is also on CN-34→124 Sowmya CN. Not moved."
stb,update,1122,CN-21,"Sowmya, (CN-21)",,,,N70130895736,141,existing_n,ACTIVE,active,active,,,HW KA BRONZE 30d,HW KA BRONZE 30d,2026-09-19,2026-10-19,,expiry from Hathway main pack
review,review,1230,CN-150,"Sujatha Raju, (CN-150)",,,,N70130862090,142,stb_kept,,,,,,,,,,,"Box stays on CN-150 Sujatha Raju, (CN-150) (already this Hathway connection). Mobize code is also on CN-35→125 Sujatha Raju CN. Not moved."
review,review,1231,GO-CN-51,"Anayya, (GO-CN-51)",,,,N70152397298,143,stb_kept,,,,,,,,,,,"Box stays on GO-CN-51 Anayya, (GO-CN-51) (already this Hathway connection). Mobize code is also on CN-36→126 Anayya GO CN. Not moved."
review,review,1232,GO-CN-10,"Kishore, (GO-CN-10)",,,,N72202665781,144,stb_kept,,,,,,,,,,,"Box stays on GO-CN-10 Kishore, (GO-CN-10) (already this Hathway connection). Mobize code is also on CN-37→127 Kishore GO CN. Not moved."
review,review,1233,GO-CN-9,"Uncle raju, (GO-CN-9)",,,,N70142580672,145,stb_kept,,,,,,,,,,,"Box stays on GO-CN-9 Uncle raju, (GO-CN-9) (already this Hathway connection). Mobize code is also on CN-38→128 Uncle raju GO CN. Not moved."
review,review,1234,GO-CN-19,"Suguna, (GO-CN-19)",,,,N70150029653,146,stb_kept,,,,,,,,,,,"Box stays on GO-CN-19 Suguna, (GO-CN-19) (already this Hathway connection). Mobize code is also on CN-39→1123 Suguna GO CN; NC-9→129 Shivaprasad NC. Not moved."
review,review,1115,BA-13,"Bharath (Hotel), (BA-13)",,,,N70130862066,147,stb_kept,,,,,,,,,,,"Box stays on BA-13 Bharath (Hotel), (BA-13) (already this Hathway connection). Mobize code is also on CN-40→130 Bharath Hotel BA. Not moved."
review,review,1235,CN-156,"Venkatesh (Welding), (CN-156)",,,,N70150045444,148,stb_kept,,,,,,,,,,,"Box stays on CN-156 Venkatesh (Welding), (CN-156) (already this Hathway connection). Mobize code is also on CN-41→131 Venkatesh Welding CN. Not moved."
review,review,1236,CN-4,"T. S Mohan, (CN-4)",,,,N70130862157,149,stb_kept,,,,,,,,,,,"Box stays on CN-4 T. S Mohan, (CN-4) (already this Hathway connection). Mobize code is also on CN-42→132 T S Mohan CN. Not moved."
stb,update,140,204003213,Sannoj,,,,N71725698592,157,existing_n,ACTIVE,active,active,,,HW KA GOLD MARATHI SD 30d,HW KA GOLD MARATHI SD 30d,2026-09-19,2026-10-19,,expiry from Hathway main pack
review,review,1246,GO-DP-22,"Manikanta jewelers, (GO-DP-22)",,,,N70130829537,161,stb_kept,,,,,,,,,,,"Box stays on GO-DP-22 Manikanta jewelers, (GO-DP-22) (already this Hathway connection). Mobize code is also on DP-1→144 Manikanta jewelers GO DP. Not moved."
stb,update,1246,GO-DP-22,"Manikanta jewelers, (GO-DP-22)",,,,N70130829537,161,existing_n,ACTIVE,active,active,,,KARNATAKA FTA 30d,KARNATAKA FTA 30d,2026-09-29,2026-10-29,,expiry from Hathway main pack
stb,update,146,202684072,Dhanalakshmi Jewellers,,,,N70130897047,163,existing_n,ACTIVE,active,active,,,HW KA BRONZE 30d,HW KA BRONZE 30d,2026-09-16,2026-10-21,railtel:814:KA.MALLIKACHAR,expiry from Hathway main pack
stb,update,152,202684197,Siddalingeshara Provision stores,,,,N70152416148,171,existing_n,INACTIVE,active,inactive,,,HW KA SILVER KANNADA HD 30d,,2026-10-28,2026-10-28,,status active→inactive
stb,update,163,DP-22,Srikanth MS,,,,N70150034612,185,existing_n,ACTIVE,active,active,,,HW KA BRONZE 30d,HW KA BRONZE 30d,2026-09-14,2026-10-14,,expiry from Hathway main pack
stb,update,164,202684457,TN Srinivas,,,,N70152397280,186,existing_n,ACTIVE,active,active,,,HW KA BRONZE 30d,HW KA BRONZE 30d,2026-09-30,2026-10-30,,expiry from Hathway main pack
review,review,999,DP-29,"Giricharan, (DP-29)",,,,N70152458561,187,stb_kept,,,,,,,,,,,"Box stays on DP-29 Giricharan, (DP-29) (already this Hathway connection). Mobize code is also on DP-24→165 Ashok Provision. Not moved."
review,review,1124,DP-19,"Shilpa Auto Links, (DP-19)",,,,N70150095472,188,stb_kept,,,,,,,,,,,"Box stays on DP-19 Shilpa Auto Links, (DP-19) (already this Hathway connection). Mobize code is also on DP-25→166 Shilpa Auto Links DP. Not moved."
stb,update,1124,DP-19,"Shilpa Auto Links, (DP-19)",,,,N70150095472,188,existing_n,ACTIVE,suspended,active,,,HW KA GOLD TAMIL SD 30d,HW KA GOLD TAMIL SD 30d,2026-10-05,2026-10-05,,status suspended→active
stb,update,168,202701200,KCN Prasad,,,,N70150030552,190,existing_n,INACTIVE,active,inactive,,,Custom Rs 280,,,,,status active→inactive; card → T403049505890
review,review,1247,GO-DP-24,"Gowramma, (GO-DP-24)",,,,N70152401181,193,stb_kept,,,,,,,,,,,"Box stays on GO-DP-24 Gowramma, (GO-DP-24) (already this Hathway connection). Mobize code is also on DP-30→171 Gowramma GO DP. Not moved."
review,review,1248,DP-53,"Suresh, (DP-53)",,,,N70152417740,194,stb_kept,,,,,,,,,,,"Box stays on DP-53 Suresh, (DP-53) (already this Hathway connection). Mobize code is also on DP-31→172 Suresh DP. Not moved."
review,review,154,202684265,Saptagiri Jewelers,,,,N70177485292,196,stb_kept,,,,,,,,,,,Box stays on 202684265 Saptagiri Jewelers (already this Hathway connection). Mobize code is also on DP-33→174 Saptagiri jewellers home. Not moved.
stb,update,176,204178816,Prakash.gunda,,,,N71728255614,198,existing_n,ACTIVE,suspended,active,,,KARNATAKA FTA 30d,KARNATAKA FTA 30d,2026-09-29,2026-09-29,,status suspended→active
stb,update,178,202684068,Kishor GT,,,,N70152408731,200,existing_n,ACTIVE,active,active,,,HW KA BRONZE 30d,HW KA BRONZE 30d,2026-09-14,2026-10-14,railtel:684:KA.KISHORB,expiry from Hathway main pack
stb,update,182,202684464,Lakshman GT,,,,N70152416460,204,existing_n,ACTIVE,active,active,,,HW KA BRONZE 30d,HW KA BRONZE 30d,2026-09-15,2026-10-15,railtel:899:KA.GOUTHAM12,expiry from Hathway main pack
stb,update,183,203072824,Murthy,,,,N70152388701,205,existing_n,ACTIVE,active,active,,,Custom Rs 550,HW KA KANNADA TELUGU HINDI HD 30d,,2026-10-11,,plan from Hathway main pack; expiry from Hathway main pack
stb,update,184,203685247,Nagarathna Hotel,,,,N70177408534,206,existing_n,ACTIVE,suspended,active,,,KARNATAKA FTA 30d,KARNATAKA FTA 30d,2026-09-29,2026-09-29,,status suspended→active
stb,update,187,202868157,Rangaraju,,,,N70130895983,209,existing_n,ACTIVE,active,active,,,HW KA SILVER KANNADA SD 30d,HW KA SILVER KANNADA SD 30d,2026-09-18,2026-10-18,,expiry from Hathway main pack
review,review,1249,GO-GR-10,"Manju (tea), (GO-GR-10)",,,,N70130896833,211,stb_kept,,,,,,,,,,,"Box stays on GO-GR-10 Manju (tea), (GO-GR-10) (already this Hathway connection). Mobize code is also on GS-3→189 Manju tea GO GR. Not moved."
stb,update,1249,GO-GR-10,"Manju (tea), (GO-GR-10)",,,,N70130896833,211,existing_n,ACTIVE,active,active,,,HW KA KANNADA TELUGU HINDI HD 30d,HW KA KANNADA TELUGU HINDI HD 30d,2026-09-18,2026-10-18,,expiry from Hathway main pack
review,review,1252,GO-VT-13,"Lingaraju, (GO-VT-13)",,,,N70150038456,217,stb_kept,,,,,,,,,,,"Box stays on GO-VT-13 Lingaraju, (GO-VT-13) (already this Hathway connection). Mobize code is also on HG-2→194 Lingaraju GO VT. Not moved."
stb,update,195,202684139,Shankarappa HG,,,,N70150038746,218,existing_n,ACTIVE,active,active,,,HW KA BRONZE 30d,HW KA BRONZE 30d,2026-09-18,2026-10-18,,expiry from Hathway main pack
stb,update,195,202684139,Shankarappa HG,,,,N70150033382,219,existing_n,INACTIVE,active,inactive,,,HW KA BRONZE KANNADA HD 30d,,2026-10-28,2026-10-28,,status active→inactive
stb,update,197,202684282,Doddaiah,,,,N70150092081,221,existing_n,ACTIVE,active,active,,,HW KA BUDGET KANNADA SD 30d,HW KA BUDGET KANNADA SD 30d,2026-09-30,2026-10-30,,expiry from Hathway main pack
stb,update,204,203516572,Madhu HG,,,,N70177468769,228,existing_n,ACTIVE,suspended,active,,,KARNATAKA FTA 30d,KARNATAKA FTA 30d,2026-09-29,2026-09-29,,status suspended→active
review,review,1126,204406921,Devaraja(kt),,,,N70150032798,234,stb_kept,,,,,,,,,,,Box stays on 204406921 Devaraja(kt) (already this Hathway connection). Mobize code is also on KT-58→210 Devaraja kt. Not moved.
stb,update,1126,204406921,Devaraja(kt),,,,N70150032798,234,existing_n,ACTIVE,active,active,,,HW KA BRONZE 30d,HW KA BRONZE 30d,2026-09-14,2026-10-14,,expiry from Hathway main pack
stb,update,212,202684313,Rajalakshmi Enterprises,,,,N70152403203,236,existing_n,ACTIVE,active,active,,,HW KA SOUTH GOLD KANNADA TELUGU 30d,HW KA SOUTH GOLD KANNADA TELUGU 30d,2026-09-16,2026-10-16,,expiry from Hathway main pack
review,review,220,HO-15,"Subanna (Provision Store), (HO-15)",,,,N70152403112,237,stb_kept,,,,,,,,,,,"Box stays on HO-15 Subanna (Provision Store), (HO-15) (already this Hathway connection). Mobize code is also on HO-8→213 Subanna Provision Store HO. Not moved."
stb,update,216,202684442,Triyambaka kumar(Busi),,,,N70150030107,240,existing_n,ACTIVE,suspended,active,,,Custom Rs 270,HW KA BRONZE 30d,,2026-10-13,,status suspended→active; plan from Hathway main pack; expiry from Hathway main pack
stb,update,217,202684454,Divakar,,,,N70152416619,241,existing_n,ACTIVE,active,active,,,HW KA GOLD KANNADA TELUGU SPECIAL 30d,HW KA GOLD KANNADA TELUGU SPECIAL 30d,2026-09-17,2026-10-17,,expiry from Hathway main pack
review,review,247,KK-2,"Arun (Vasavi Medicals), (KK-2)",,,,N70152403385,245,stb_kept,,,,,,,,,,,"Box stays on KK-2 Arun (Vasavi Medicals), (KK-2) (already this Hathway connection). Mobize code is also on HO-16→221 Arun Vasavi Medicals KK. Not moved."
review,review,222,HO-122,"Darshan, (HO-122)",,,,N70150033952,246,stb_kept,,,,,,,,,,,"Box stays on HO-122 Darshan, (HO-122) (already this Hathway connection). Mobize code is also on HO-17→1127 Manjanna (Whole Sale), (HO-17). Not moved."
review,review,222,HO-122,"Darshan, (HO-122)",,,,N70130864872,247,stb_kept,,,,,,,,,,,"Box stays on HO-122 Darshan, (HO-122) (already this Hathway connection). Mobize code is also on HO-17→1127 Manjanna (Whole Sale), (HO-17). Not moved."
review,review,228,HO-24,"Anand kumar T (Lawyer), (HO-24)",,,,N70150033366,248,stb_kept,,,,,,,,,,,"Box stays on HO-24 Anand kumar T (Lawyer), (HO-24) (already this Hathway connection). Mobize code is also on HO-18→223 Anand kumar T Lawyer HO. Not moved."
review,review,1254,HO-129,"Renukamba provision store, (HO-129)",,,,N70150043217,249,stb_kept,,,,,,,,,,,"Box stays on HO-129 Renukamba provision store, (HO-129) (already this Hathway connection). Mobize code is also on HO-19→224 Renukamba provision store HO. Not moved."
review,review,1255,RT-67,"Kavitha, (RT-67)",,,,N70150036021,252,stb_kept,,,,,,,,,,,"Box stays on RT-67 Kavitha, (RT-67) (already this Hathway connection). Mobize code is also on HO-22→227 Kavitha RT. Not moved."
stb,update,229,203366085,MR Fancy Old,,,,N70175037137,254,existing_n,INACTIVE,active,inactive,,,HW KA GOLD MARATHI SD 30d,,2026-09-17,2026-09-17,,status active→inactive
stb,update,230,204281326,Pavan sadana footwear,,,,N70152400654,255,existing_n,ACTIVE,active,active,,,HW KA SILVER KANNADA SD 30d,HW KA SILVER KANNADA SD 30d,2026-09-17,2026-10-17,,expiry from Hathway main pack
stb,update,233,202684256,Mallikarjunaiah,,,,N70130929154,258,existing_n,ACTIVE,active,active,,,HW KA BRONZE 30d,HW KA BRONZE 30d,2026-09-18,2026-10-18,,expiry from Hathway main pack
review,review,1128,KG-2,"Yateesh, (KG-2)",,,,N70130928024,259,stb_kept,,,,,,,,,,,"Box stays on KG-2 Yateesh, (KG-2) (already this Hathway connection). Mobize code is also on KG-5→234 Yateesh KG. Not moved."
stb,update,238,202684455,Pradeep (Basavaraj shastrigalu),,,,N70130929188,264,existing_n,INACTIVE,active,inactive,,,HW KA BRONZE 30d,,2026-09-17,2026-09-17,,status active→inactive
review,review,1257,KG-14,"Ganganna (Provision store), (KG-14)",,,,N70152398155,265,stb_kept,,,,,,,,,,,"Box stays on KG-14 Ganganna (Provision store), (KG-14) (already this Hathway connection). Mobize code is also on KG-11→239 Ganganna Provision store KG. Not moved."
review,review,1258,HOME-2,Devatha garments home-2,,,,N70939951532,268,stb_kept,,,,,,,,,,,Box stays on HOME-2 Devatha garments home-2 (already this Hathway connection). Mobize code is also on KG-15→242 Devatha garments home. Not moved.
review,review,1259,KK-18,"Praveen (Kum kum), (KK-18)",,,,N70130933602,274,stb_kept,,,,,,,,,,,"Box stays on KK-18 Praveen (Kum kum), (KK-18) (already this Hathway connection). Mobize code is also on KK-3→248 Praveen Kum kum KK. Not moved."
review,review,1261,RS-310,Rakesh KK,,,,N70142560062,277,stb_kept,,,,,,,,,,,Box stays on RS-310 Rakesh KK (already this Hathway connection). Mobize code is also on KK-6→251 Rakesh KK. Not moved.
stb,update,253,202684366,Siddalingaiah Hotel,,,,N70152404029,279,existing_n,INACTIVE,active,inactive,,,HW KA BRONZE 30d,,2026-09-27,2026-09-27,,status active→inactive
stb,update,254,203380536,Mahalingappa,,,,N70152403559,280,existing_n,ACTIVE,active,active,,,HW KA BRONZE 30d,HW KA BRONZE 30d,2026-09-16,2026-10-16,,expiry from Hathway main pack
stb,update,256,202791218,Kiran Kumar (KO),,,,N70130897260,282,existing_n,ACTIVE,active,active,,,HW KA BUDGET KANNADA SD 30d,HW KA BUDGET KANNADA SD 30d,2026-09-14,2026-10-14,,expiry from Hathway main pack
stb,update,257,202684055,Vishwanath,,,,N70150034240,283,existing_n,INACTIVE,active,inactive,,,HW KA KANNADA TELUGU HINDI HD 30d,,2026-09-28,2026-09-28,railtel:621:KA.GURUCHARANMV,status active→inactive
stb,update,261,202684086,Suresh Babu,,,,N70152420272,288,existing_n,ACTIVE,active,active,,,HW KA BUDGET KANNADA TELUGU SD 30d,HW KA BUDGET KANNADA TELUGU SD 30d,2026-09-29,2026-10-29,,expiry from Hathway main pack
stb,update,264,202684179,Darshan,,,,N70150030610,291,existing_n,ACTIVE,active,active,,,HW KA BRONZE 30d,HW KA BRONZE 30d,2026-09-21,2026-10-25,,expiry from Hathway main pack
stb,update,266,202684200,Nagaraju TV,,,,N70152456318,293,existing_n,ACTIVE,active,active,,,HW KA BUDGET KANNADA SD 30d,HW KA BUDGET KANNADA SD 30d,2026-09-30,2026-10-30,,expiry from Hathway main pack
stb,update,267,202684213,Prasanna anna,,,,N70152404656,294,existing_n,ACTIVE,active,active,,,HW KA BRONZE 30d,HW KA BRONZE 30d,2026-09-24,2026-10-27,,expiry from Hathway main pack
stb,update,278,202684291,Vijayanna,,,,N70152405083,305,existing_n,INACTIVE,active,inactive,,,HW KA BRONZE 30d,,2026-10-28,2026-10-28,,status active→inactive
stb,update,283,202684410,Shivu(Pujar),,,,N70152387653,310,existing_n,ACTIVE,active,active,,,HW KA SOUTH GOLD KANNADA TELUGU 30d,HW KA SOUTH GOLD KANNADA TELUGU 30d,2026-09-17,2026-10-20,,expiry from Hathway main pack
stb,update,284,202684440,Nagaraju,,,,N70150030289,311,existing_n,ACTIVE,active,active,,,HW KA SPECIAL SAVING PACK 30d,HW KA SPECIAL SAVING PACK 30d,2026-09-18,2026-10-18,,expiry from Hathway main pack
review,review,1262,GO-KO-19,"Arjun, (GO-KO-19)",,,,N70150034489,315,stb_kept,,,,,,,,,,,"Box stays on GO-KO-19 Arjun, (GO-KO-19) (already this Hathway connection). Mobize code is also on KT-37→288 Arjun GO KO. Not moved."
review,review,1263,GO-KO-29,"Rangamma, (GO-KO-29)",,,,N70152400779,317,stb_kept,,,,,,,,,,,"Box stays on GO-KO-29 Rangamma, (GO-KO-29) (already this Hathway connection). Mobize code is also on KT-39→290 Rangamma GO KO. Not moved."
review,review,1264,GO-KO-1,"Bhagyamma, (GO-KO-1)",,,,N70150092743,318,stb_kept,,,,,,,,,,,"Box stays on GO-KO-1 Bhagyamma, (GO-KO-1) (already this Hathway connection). Mobize code is also on KT-41→291 Bhagyamma GO KO. Not moved."
review,review,1265,GO-KO-36,"Ganganna, (GO-KO-36)",,,,N70152453810,319,stb_kept,,,,,,,,,,,"Box stays on GO-KO-36 Ganganna, (GO-KO-36) (already this Hathway connection). Mobize code is also on KT-42→292 Ganganna GO KO. Not moved."
review,review,1129,KT-29,"ShivaShankar, (KT-29)",,,,N70152456284,320,stb_kept,,,,,,,,,,,"Box stays on KT-29 ShivaShankar, (KT-29) (already this Hathway connection). Mobize code is also on KT-43→293 ShivaShankar KT. Not moved."
review,review,294,203014267,Naveen Airtel KT,,,,N70130897229,321,stb_kept,,,,,,,,,,,"Box stays on 203014267 Naveen Airtel KT (already this Hathway connection). Mobize code is also on KT-44→1335 Narasimha Murthy (Archakaru), (KT-44). Not moved."
stb,update,298,203740254,Chaya,,,,N70177480616,325,existing_n,ACTIVE,suspended,active,,,KARNATAKA FTA 30d,KARNATAKA FTA 30d,2026-09-29,2026-09-29,,status suspended→active
stb,update,299,203852544,Jayaram,,,,N70177406868,326,existing_n,ACTIVE,suspended,active,,,KARNATAKA FTA 30d,KARNATAKA FTA 30d,2026-09-29,2026-09-29,,status suspended→active
stb,update,302,204026716,prakashanna gowdru,,,,N70150038944,329,existing_n,ACTIVE,active,active,,,HW KA BRONZE 30d,HW KA BRONZE 30d,2026-09-14,2026-10-14,,expiry from Hathway main pack
stb,update,303,204048745,Ramamani,,,,N70152397900,330,existing_n,ACTIVE,active,active,,,HW KA SILVER KANNADA HD 30d,HW KA SILVER KANNADA HD 30d,2026-09-16,2026-10-16,,expiry from Hathway main pack
stb,update,308,202684171,Azam Watch,,,,N70150032020,335,existing_n,ACTIVE,active,active,,,Custom Rs 372.42,HW KA GOLD MARATHI SD 30d,,2026-10-11,,plan from Hathway main pack; expiry from Hathway main pack
stb,update,311,202684377,Musadiq,,,,N70131127105,338,existing_n,ACTIVE,active,active,,,HW KA GOLD MARATHI SD 30d,HW KA GOLD MARATHI SD 30d,2026-09-15,2026-10-15,,expiry from Hathway main pack
review,review,1266,LB-15,"Sharif (Biriyani), (Lb-15)",,,,N70152403286,339,stb_kept,,,,,,,,,,,"Box stays on LB-15 Sharif (Biriyani), (Lb-15) (already this Hathway connection). Mobize code is also on LB-7→312 Sharif Biriyani Lb. Not moved."
stb,update,313,203128385,Jabeen Hotel,,,,N70150026642,340,existing_n,ACTIVE,active,active,,,HW KA SILVER KANNADA HINDI SD 30d,HW KA SILVER KANNADA HINDI SD 30d,2026-09-16,2026-10-16,,expiry from Hathway main pack
stb,update,314,203571998,Fayaz LLB,,,,N70174970668,341,existing_n,ACTIVE,suspended,active,,,Custom Rs 400,HW KA KANNADA HINDI MARATHI 30d,,2026-10-12,,status suspended→active; plan from Hathway main pack; expiry from Hathway main pack
stb,update,316,203891068,Syed Mujeeb,,,,N70939884279,343,existing_n,ACTIVE,suspended,active,,,KARNATAKA FTA 30d,KARNATAKA FTA 30d,2026-09-29,2026-09-29,,status suspended→active
stb,update,317,203905622,Yasmin Taj,,,,N70940438792,344,existing_n,ACTIVE,active,active,,,HW KA GOLD MARATHI SD 30d,HW KA GOLD MARATHI SD 30d,2026-09-19,2026-10-19,,expiry from Hathway main pack
stb,update,319,204424921,Veerachar,,,,N71706460814,348,existing_n,ACTIVE,active,active,,,HW KA BRONZE 30d,HW KA BRONZE 30d,2026-09-19,2026-10-22,,expiry from Hathway main pack
review,review,1267,MAG-4,"Siri, (MAG-4)",,,,N70130864849,349,stb_kept,,,,,,,,,,,"Box stays on MAG-4 Siri, (MAG-4) (already this Hathway connection). Mobize code is also on MG-5→320 Siri MAG. Not moved."
review,review,1270,MC-34,"Chandan singh, (MC-34)",,,,N70142575730,356,stb_kept,,,,,,,,,,,"Box stays on MC-34 Chandan singh, (MC-34) (already this Hathway connection). Mobize code is also on MC-8→327 Chandan singh MC. Not moved."
stb,update,1270,MC-34,"Chandan singh, (MC-34)",,,,N70142575730,356,existing_n,ACTIVE,suspended,active,,,KARNATAKA FTA 30d,KARNATAKA FTA 30d,2026-09-29,2026-09-29,,status suspended→active
review,review,1271,GO-MC-12,"Gangadhar (veg), (GO-MC-12)",,,,N70150031568,357,stb_kept,,,,,,,,,,,"Box stays on GO-MC-12 Gangadhar (veg), (GO-MC-12) (already this Hathway connection). Mobize code is also on MC-9→328 Gangadhar veg GO MC. Not moved."
review,review,329,GO-MC-7,"Nagaraju (likith), (GO-MC-7)",,,,N70152402171,358,stb_kept,,,,,,,,,,,"Box stays on GO-MC-7 Nagaraju (likith), (GO-MC-7) (already this Hathway connection). Mobize code is also on MC-11→1130 Nagaraju, (MC-11). Not moved."
review,review,1273,GO-MC-10,"Kiran traders, (GO-MC-10)",,,,N72202398094,360,stb_kept,,,,,,,,,,,"Box stays on GO-MC-10 Kiran traders, (GO-MC-10) (already this Hathway connection). Mobize code is also on MC-13→331 Kiran traders GO MC. Not moved."
review,review,1274,GO-MC-8,"Prakash (veg), (GO-MC-8)",,,,N70150046525,361,stb_kept,,,,,,,,,,,"Box stays on GO-MC-8 Prakash (veg), (GO-MC-8) (already this Hathway connection). Mobize code is also on MC-15→332 Prakash veg GO MC. Not moved."
review,review,1275,GO-MC-13,"Parvathi, (GO-MC-13)",,,,N70150031808,362,stb_kept,,,,,,,,,,,"Box stays on GO-MC-13 Parvathi, (GO-MC-13) (already this Hathway connection). Mobize code is also on MC-16→333 Parvathi GO MC. Not moved."
stb,update,1275,GO-MC-13,"Parvathi, (GO-MC-13)",,,,N70150031808,362,existing_n,ACTIVE,active,active,,,HW KA BRONZE 30d,HW KA BRONZE 30d,2026-09-18,2026-10-18,,expiry from Hathway main pack
review,review,337,MC-20,"Chetana (Muncipal), (MC-20)",,,,N70152402411,365,stb_kept,,,,,,,,,,,"Box stays on MC-20 Chetana (Muncipal), (MC-20) (already this Hathway connection). Mobize code is also on MC-19→336 Chetana Muncipal MC. Not moved."
stb,update,337,MC-20,"Chetana (Muncipal), (MC-20)",,,,N70152402411,365,existing_n,ACTIVE,suspended,active,,,KARNATAKA FTA 30d,KARNATAKA FTA 30d,2026-09-29,2026-09-29,,status suspended→active
review,review,1130,MC-11,"Nagaraju, (MC-11)",,,,N70130895645,367,stb_kept,,,,,,,,,,,"Box stays on MC-11 Nagaraju, (MC-11) (already this Hathway connection). Mobize code is also on MC-21→338 Nagaraju MC. Not moved."
stb,update,340,203888859,Ramesh MC,,,,N70939620269,369,existing_n,ACTIVE,suspended,active,,,KARNATAKA FTA 30d,KARNATAKA FTA 30d,2026-09-29,2026-09-29,,status suspended→active
stb,update,343,204524029,Chandrashetti,,,,N71715857240,372,existing_n,ACTIVE,active,active,,,HW KA BRONZE 30d,HW KA BRONZE 30d,2026-09-16,2026-10-16,,expiry from Hathway main pack
stb,update,344,202684305,Jabeer,,,,N70150049933,373,existing_n,INACTIVE,active,inactive,,,HW KA GOLD MARATHI SD 30d,,2026-09-27,2026-09-27,,status active→inactive
stb,update,345,202684381,Zakir pasha,,,,N70152408426,374,existing_n,ACTIVE,active,active,,,HW KA GOLD MARATHI SD 30d,HW KA GOLD MARATHI SD 30d,2026-09-18,2026-10-18,,expiry from Hathway main pack
stb,update,346,202736204,Rajendra Lodge,,,,N70152389022,375,existing_n,ACTIVE,active,active,,,Custom Rs 810,HW KA BRONZE 30d,,2026-10-12,,plan from Hathway main pack; expiry from Hathway main pack
stb,update,346,202736204,Rajendra Lodge,,,,N70152416809,376,existing_n,INACTIVE,active,inactive,,,HW KA BRONZE 30d,,2026-09-24,2026-09-24,,status active→inactive
stb,update,347,203820410,Shabuddin,,,,N70175040859,378,existing_n,ACTIVE,suspended,active,,,KARNATAKA FTA 30d,KARNATAKA FTA 30d,2026-09-29,2026-09-29,,status suspended→active
stb,update,348,202684255,Narayana Gowdru (HOME,,,,N70130895678,380,existing_n,ACTIVE,active,active,,,HW KA SILVER KANNADA HD 30d,HW KA SILVER KANNADA HD 30d,2026-09-18,2026-10-18,,expiry from Hathway main pack
stb,update,352,202684104,Prakash MST,,,,N70150033705,384,existing_n,ACTIVE,active,active,,,HW KA GOLD KANNADA TELUGU SPECIAL 30d,HW KA GOLD KANNADA TELUGU SPECIAL 30d,2026-09-16,2026-10-16,,expiry from Hathway main pack
review,review,1279,MST-6,"Babanna Flower, (MST-6)",,,,N70130864732,390,stb_kept,,,,,,,,,,,"Box stays on MST-6 Babanna Flower, (MST-6) (already this Hathway connection). Mobize code is also on MST-12→358 Babanna Flower MST. Not moved."
review,review,1280,MST-10,"Prashanth, (MST-10)",,,,N70130838306,391,stb_kept,,,,,,,,,,,"Box stays on MST-10 Prashanth, (MST-10) (already this Hathway connection). Mobize code is also on MST-13→359 Prashanth MST. Not moved."
review,review,1132,MST-7,"Jagadish, (MST-7)",,,,N70130838207,392,stb_kept,,,,,,,,,,,"Box stays on MST-7 Jagadish, (MST-7) (already this Hathway connection). Mobize code is also on MST-14→360 Jagadish MST. Not moved."
review,review,1131,MST-4,"Gunashekar, (MST-4)",,,,N70150046715,393,stb_kept,,,,,,,,,,,"Box stays on MST-4 Gunashekar, (MST-4) (already this Hathway connection). Mobize code is also on MST-15→361 Gunashekar MST. Not moved."
stb,update,1131,MST-4,"Gunashekar, (MST-4)",,,,N70150046715,393,existing_n,ACTIVE,active,active,,,HW KA SOUTH GOLD KANNADA TELUGU HD 30d,HW KA SOUTH GOLD KANNADA TELUGU HD 30d,2026-09-15,2026-10-15,,expiry from Hathway main pack
review,review,1281,MST-34,"Ananda (Plumber), (MST-34)",,,,N70130838108,394,stb_kept,,,,,,,,,,,"Box stays on MST-34 Ananda (Plumber), (MST-34) (already this Hathway connection). Mobize code is also on MST-16→362 Ananda Plumber MST. Not moved."
review,review,1282,MST-33,"Rajesh, (MST-33)",,,,N70130852646,395,stb_kept,,,,,,,,,,,"Box stays on MST-33 Rajesh, (MST-33) (already this Hathway connection). Mobize code is also on MST-17→363 Rajesh MST. Not moved."
review,review,1283,GO-MS-1,"MAnjunathachar, (GO-MS-1)",,,,N70130864195,396,stb_kept,,,,,,,,,,,"Box stays on GO-MS-1 MAnjunathachar, (GO-MS-1) (already this Hathway connection). Mobize code is also on MST-18→364 MAnjunathachar GO MS. Not moved."
stb,update,1283,GO-MS-1,"MAnjunathachar, (GO-MS-1)",,,,N70130864195,396,existing_n,ACTIVE,active,active,,,HW KA BRONZE 30d,HW KA BRONZE 30d,2026-09-18,2026-10-18,,expiry from Hathway main pack
review,review,1284,MST-30,"Abhilash, (MST-30)",,,,N70130828224,397,stb_kept,,,,,,,,,,,"Box stays on MST-30 Abhilash, (MST-30) (already this Hathway connection). Mobize code is also on MST-19→365 Abhilash MST. Not moved."
stb,update,1284,MST-30,"Abhilash, (MST-30)",,,,N70130828224,397,existing_n,ACTIVE,active,active,,,HW KA BRONZE 30d,HW KA BRONZE 30d,2026-09-19,2026-10-19,,expiry from Hathway main pack
review,review,1285,GO-MS-11,"Nataraju, (GO-MS-11)",,,,N70130838256,398,stb_kept,,,,,,,,,,,"Box stays on GO-MS-11 Nataraju, (GO-MS-11) (already this Hathway connection). Mobize code is also on MST-20→366 Nataraju GO MS. Not moved."
stb,update,1285,GO-MS-11,"Nataraju, (GO-MS-11)",,,,N70130838256,398,existing_n,INACTIVE,active,inactive,,,HW KA BUDGET KANNADA TELUGU SD 30d,,2026-09-27,2026-09-27,,status active→inactive
stb,update,368,203446160,Nagaraju MST,,,,N70175040925,400,existing_n,ACTIVE,suspended,active,,,KARNATAKA FTA 30d,KARNATAKA FTA 30d,2026-09-29,2026-09-29,,status suspended→active
review,review,1134,204416307,Jameel,,,,N70142569469,408,stb_kept,,,,,,,,,,,Box stays on 204416307 Jameel (already this Hathway connection). Mobize code is also on PL-15→376 Jameel. Not moved.
stb,update,1134,204416307,Jameel,,,,N70142569469,408,existing_n,ACTIVE,suspended,active,,,KARNATAKA FTA 30d,KARNATAKA FTA 30d,2026-09-29,2026-09-29,,status suspended→active
stb,update,379,202684049,Sundranna_1  NC,,,,N70152401017,412,existing_n,ACTIVE,active,active,,,HW KA BRONZE 30d,HW KA BRONZE 30d,2026-09-17,2026-10-17,,expiry from Hathway main pack
review,review,1286,NC-1,"Amar Cycle Shop, (NC-1)",,,,N70150034968,415,stb_kept,,,,,,,,,,,"Box stays on NC-1 Amar Cycle Shop, (NC-1) (already this Hathway connection). Mobize code is also on NC-10→381 Amar Cycle Shop NC. Not moved."
review,review,387,PT-90,"Naveen, (PT-90)",,,,N70150032574,422,stb_kept,,,,,,,,,,,"Box stays on PT-90 Naveen, (PT-90) (already this Hathway connection). Mobize code is also on PT-6→1138 Rafeeq (Fruit), (PT-6). Not moved."
review,review,1137,PT-5,"Harish (Milk), (PT-5)",,,,N70150033911,423,stb_kept,,,,,,,,,,,"Box stays on PT-5 Harish (Milk), (PT-5) (already this Hathway connection). Mobize code is also on PT-7→388 Harish Milk PT. Not moved."
review,review,1287,PT-89,"Swamy (provision), (PT-89)",,,,N70150030008,424,stb_kept,,,,,,,,,,,"Box stays on PT-89 Swamy (provision), (PT-89) (already this Hathway connection). Mobize code is also on PT-9→389 Swamy provision PT. Not moved."
review,review,1288,PT-88,"Narayana, (PT-88)",,,,N70150045220,425,stb_kept,,,,,,,,,,,"Box stays on PT-88 Narayana, (PT-88) (already this Hathway connection). Mobize code is also on PT-10→390 Narayana PT. Not moved."
review,review,1289,HO-100,"Divakar, (HO-100)",,,,N70143362492,426,stb_kept,,,,,,,,,,,"Box stays on HO-100 Divakar, (HO-100) (already this Hathway connection). Mobize code is also on PT-11→391 Divakar HO. Not moved."
stb,update,393,204162914,Nagaraj shetty,,,,N71728252306,429,existing_n,ACTIVE,active,active,,,HW KA BRONZE 30d,HW KA BRONZE 30d,2026-09-14,2026-10-16,,expiry from Hathway main pack
review,review,1136,PT-2,"Manjunath C. B, (PT-2)",,,,N70150045303,430,stb_kept,,,,,,,,,,,"Box stays on PT-2 Manjunath C. B, (PT-2) (already this Hathway connection). Mobize code is also on PT-14→394 Manjunath C B PT. Not moved."
review,review,1135,PT-1,"Ravindranatha Gupta, (PT-1)",,,,N70150029190,431,stb_kept,,,,,,,,,,,"Box stays on PT-1 Ravindranatha Gupta, (PT-1) (already this Hathway connection). Mobize code is also on PT-16→395 Ravindranatha Gupta PT. Not moved."
stb,update,1135,PT-1,"Ravindranatha Gupta, (PT-1)",,,,N70150029190,431,existing_n,INACTIVE,active,inactive,,,HW KA GOLD KANNADA TELUGU SPECIAL 30d,,2026-10-28,2026-10-28,,status active→inactive
review,review,397,204422314,Ravi.tea hotel,,,,N70130947529,433,stb_kept,,,,,,,,,,,"Box stays on 204422314 Ravi.tea hotel (already this Hathway connection). Mobize code is also on PT-19→1338 Ambrish, (PT-19). Not moved."
stb,update,400,202684153,Navaz,,,,N70152404375,436,existing_n,ACTIVE,active,active,,,HW KA SILVER KANNADA HINDI SD 30d,HW KA SILVER KANNADA HINDI SD 30d,2026-09-19,2026-10-19,,expiry from Hathway main pack
stb,update,401,202684370,Sikandar,,,,N70152408467,437,existing_n,ACTIVE,suspended,active,,,KARNATAKA FTA 30d,KARNATAKA FTA 30d,2026-09-29,2026-09-29,,status suspended→active
stb,update,403,202684438,Khaleel Master,,,,N70152397355,439,existing_n,ACTIVE,active,active,,,HW KA SILVER KANNADA HINDI SD 30d,HW KA SILVER KANNADA HINDI SD 30d,2026-09-17,2026-10-17,,expiry from Hathway main pack
stb,update,409,202684216,Shankar PR,,,,N70152400423,445,existing_n,ACTIVE,suspended,active,,,KARNATAKA FTA 30d,KARNATAKA FTA 30d,2026-09-29,2026-09-29,,status suspended→active
stb,update,413,202684393,Ramachandra Gupta,,,,N70152403674,449,existing_n,ACTIVE,active,active,,,HW KA SILVER RTN NEW 30d,HW KA SILVER RTN NEW 30d,2026-09-18,2026-10-18,,expiry from Hathway main pack
stb,update,419,203673305,Jayanna,,,,N70177408757,455,existing_n,ACTIVE,suspended,active,,,KARNATAKA FTA 30d,HW KA BRONZE 30d,2026-09-29,2026-10-19,,status suspended→active; plan from Hathway main pack; expiry from Hathway main pack
stb,update,421,203874487,Vaniprasad,,,,N70177485516,457,existing_n,ACTIVE,active,active,,,Custom Rs 310,HW KA SILVER KANNADA HD 30d,,2026-10-11,,plan from Hathway main pack; expiry from Hathway main pack
stb,update,422,203955852,Vijiyamma,,,,N70130896965,458,existing_n,ACTIVE,active,active,,,HW KA GOLD KANNADA TELUGU SPECIAL 30d,HW KA GOLD KANNADA TELUGU SPECIAL 30d,2026-09-25,2026-10-26,,expiry from Hathway main pack
review,review,143,204395738,Manju ( CN),,,,N70142559395,460,stb_kept,,,,,,,,,,,Box stays on 204395738 Manju ( CN) (already this Hathway connection). Mobize code is also on PR-19→424 Indramma. Not moved.
stb,update,1261,RS-310,Rakesh KK,,,,N70130931762,461,existing_n,ACTIVE,active,active,,,HW KA GOLD KANNADA TELUGU SPECIAL 30d,HW KA GOLD KANNADA TELUGU SPECIAL 30d,2026-09-18,2026-10-18,,expiry from Hathway main pack
review,review,1290,GO-RS-13,"Swamy (gold), (GO-RS-13)",,,,N70130897419,464,stb_kept,,,,,,,,,,,"Box stays on GO-RS-13 Swamy (gold), (GO-RS-13) (already this Hathway connection). Mobize code is also on RS-2→428 Swamy gold GO RS. Not moved."
stb,update,429,202684097,Mahadev,,,,N70130897708,465,existing_n,ACTIVE,active,active,,,HW KA BRONZE 30d,HW KA BRONZE 30d,2026-09-18,2026-10-18,,expiry from Hathway main pack
review,review,1291,RS-28,"Rajesh, (RS-28)",,,,N70130896064,466,stb_kept,,,,,,,,,,,"Box stays on RS-28 Rajesh, (RS-28) (already this Hathway connection). Mobize code is also on RS-4→430 Rajesh RS. Not moved."
stb,update,1291,RS-28,"Rajesh, (RS-28)",,,,N70130896064,466,existing_n,ACTIVE,active,active,,,HW KA BRONZE 30d,HW KA BRONZE 30d,2026-09-18,2026-10-18,,expiry from Hathway main pack
review,review,1292,GO-RS-16,"Raju (kara), (GO-RS-16)",,,,N70130897450,468,stb_kept,,,,,,,,,,,"Box stays on GO-RS-16 Raju (kara), (GO-RS-16) (already this Hathway connection). Mobize code is also on RS-6→432 Raju kara GO RS. Not moved."
stb,update,436,202684372,Yuvaraj,,,,N70130897609,472,existing_n,ACTIVE,active,active,,,HW KA BRONZE 30d,HW KA BRONZE 30d,2026-09-18,2026-10-18,,expiry from Hathway main pack
review,review,1293,GO-RS-14,"Kavitha, (GO-RS-14)",,,,N70130897625,473,stb_kept,,,,,,,,,,,"Box stays on GO-RS-14 Kavitha, (GO-RS-14) (already this Hathway connection). Mobize code is also on RS-11→437 Kavitha GO RS. Not moved."
review,review,1294,GO-RS-3,"Harish ( medicals), (GO-RS-3)",,,,N70152402064,474,stb_kept,,,,,,,,,,,"Box stays on GO-RS-3 Harish ( medicals), (GO-RS-3) (already this Hathway connection). Mobize code is also on RS-12→438 Harish medicals GO RS. Not moved."
review,review,1139,RS-8,"Jenukal Hospital, (RS-8)",,,,N70130895215,475,stb_kept,,,,,,,,,,,"Box stays on RS-8 Jenukal Hospital, (RS-8) (already this Hathway connection). Mobize code is also on RS-13→439 Jenukal Hospital RS. Not moved."
review,review,1139,RS-8,"Jenukal Hospital, (RS-8)",,,,N70130896049,476,stb_kept,,,,,,,,,,,"Box stays on RS-8 Jenukal Hospital, (RS-8) (already this Hathway connection). Mobize code is also on RS-13→439 Jenukal Hospital RS. Not moved."
review,review,1139,RS-8,"Jenukal Hospital, (RS-8)",,,,N70130895884,477,stb_kept,,,,,,,,,,,"Box stays on RS-8 Jenukal Hospital, (RS-8) (already this Hathway connection). Mobize code is also on RS-13→439 Jenukal Hospital RS. Not moved."
review,review,1139,RS-8,"Jenukal Hospital, (RS-8)",,,,N70130895967,478,stb_kept,,,,,,,,,,,"Box stays on RS-8 Jenukal Hospital, (RS-8) (already this Hathway connection). Mobize code is also on RS-13→439 Jenukal Hospital RS. Not moved."
review,review,1139,RS-8,"Jenukal Hospital, (RS-8)",,,,N70130891149,479,stb_kept,,,,,,,,,,,"Box stays on RS-8 Jenukal Hospital, (RS-8) (already this Hathway connection). Mobize code is also on RS-13→439 Jenukal Hospital RS. Not moved."
review,review,1139,RS-8,"Jenukal Hospital, (RS-8)",,,,N70130896130,480,stb_kept,,,,,,,,,,,"Box stays on RS-8 Jenukal Hospital, (RS-8) (already this Hathway connection). Mobize code is also on RS-13→439 Jenukal Hospital RS. Not moved."
review,review,1139,RS-8,"Jenukal Hospital, (RS-8)",,,,N70130895975,481,stb_kept,,,,,,,,,,,"Box stays on RS-8 Jenukal Hospital, (RS-8) (already this Hathway connection). Mobize code is also on RS-13→439 Jenukal Hospital RS. Not moved."
stb,update,440,202684456,Gangadhar,,,,N70150043514,482,existing_n,ACTIVE,active,active,,,HW KA GOLD KANNADA TELUGU SPECIAL 30d,HW KA GOLD KANNADA TELUGU SPECIAL 30d,2026-09-16,2026-10-16,,expiry from Hathway main pack
stb,update,441,202724257,Mahesh Kumar (Railway) (RS),,,,N70142576092,483,existing_n,ACTIVE,active,active,,,HW KA BRONZE 30d,HW KA BRONZE 30d,2026-09-15,2026-10-15,,expiry from Hathway main pack
review,review,444,RS-20,"Gaddigappa, (RS-20)",,,,N70130910832,484,stb_kept,,,,,,,,,,,"Box stays on RS-20 Gaddigappa, (RS-20) (already this Hathway connection). Mobize code is also on RS-17→442 Gaddigappa RS. Not moved."
review,review,435,202684362,Prathiba Raju,,,,N70175026296,486,stb_kept,,,,,,,,,,,"Box stays on 202684362 Prathiba Raju (already this Hathway connection). Mobize code is also on RS-20→444 Gaddigappa, (RS-20). Not moved."
stb,update,435,202684362,Prathiba Raju,,,,N70175026296,486,existing_n,ACTIVE,suspended,active,,,KARNATAKA FTA 30d,KARNATAKA FTA 30d,2026-09-29,2026-09-29,,status suspended→active
review,review,1295,GO-RM-21,"Arun kumar, (GO-RM-21)",,,,N70152400498,491,stb_kept,,,,,,,,,,,"Box stays on GO-RM-21 Arun kumar, (GO-RM-21) (already this Hathway connection). Mobize code is also on RM-2→449 Arun kumar GO RM. Not moved."
stb,update,1295,GO-RM-21,"Arun kumar, (GO-RM-21)",,,,N70152400498,491,existing_n,ACTIVE,active,active,,,Custom Rs 270,HW KA KANNADA TELUGU HINDI HD 30d,,2026-10-11,,plan from Hathway main pack; expiry from Hathway main pack
review,review,1296,GO-RM-20,"Siddarameshwara traders, (GO-RM-20)",,,,N70130933842,494,stb_kept,,,,,,,,,,,"Box stays on GO-RM-20 Siddarameshwara traders, (GO-RM-20) (already this Hathway connection). Mobize code is also on RM-5→452 Siddarameshwara traders GO RM. Not moved."
review,review,1296,GO-RM-20,"Siddarameshwara traders, (GO-RM-20)",,,,N70130934063,495,stb_kept,,,,,,,,,,,"Box stays on GO-RM-20 Siddarameshwara traders, (GO-RM-20) (already this Hathway connection). Mobize code is also on RM-5→452 Siddarameshwara traders GO RM. Not moved."
stb,update,1296,GO-RM-20,"Siddarameshwara traders, (GO-RM-20)",,,,N70130934063,495,existing_n,INACTIVE,active,inactive,,,HW KA BRONZE 30d,,2026-10-28,2026-10-28,,status active→inactive
stb,update,453,202684311,Suresh,,,,N70130897120,496,existing_n,ACTIVE,active,active,,,HW KA BRONZE 30d,HW KA BRONZE 30d,2026-09-18,2026-10-18,,expiry from Hathway main pack
stb,update,455,202684352,Bhagyamma,,,,N70130896502,498,existing_n,ACTIVE,active,active,,,HW KA BRONZE 30d,HW KA BRONZE 30d,2026-09-18,2026-10-18,,expiry from Hathway main pack
stb,update,458,202684428,Chandrakeerthi jain,,,,N70130897385,501,existing_n,ACTIVE,active,active,,,HW KA BRONZE 30d,HW KA BRONZE 30d,2026-09-19,2026-10-19,,expiry from Hathway main pack
review,review,1297,GO-RM-6,"Janardhan, (GO-RM-6)",,,,N70150092040,502,stb_kept,,,,,,,,,,,"Box stays on GO-RM-6 Janardhan, (GO-RM-6) (already this Hathway connection). Mobize code is also on RM-13→459 Janardhan GO RM. Not moved."
stb,update,460,203238392,Yogishanna,,,,N70142580276,503,existing_n,ACTIVE,suspended,active,,,HW KA BRONZE 30d,HW KA BRONZE 30d,2026-10-02,2026-10-02,,status suspended→active
review,review,1299,RT-69,"Lokesh, (RT-69)",,,,N70142560336,506,stb_kept,,,,,,,,,,,"Box stays on RT-69 Lokesh, (RT-69) (already this Hathway connection). Mobize code is also on RST-1→463 Lokesh RT. Not moved."
stb,update,467,203348795,Raju Tea Hotel,,,,N70174920879,510,existing_n,INACTIVE,active,inactive,,,Custom Rs 270,,,,,status active→inactive; card → T403074396215
stb,update,468,202684054,Manjunath,,,,N70130896718,511,existing_n,ACTIVE,active,active,,,HW KA BRONZE 30d,HW KA BRONZE 30d,2026-09-19,2026-10-19,,expiry from Hathway main pack
review,review,1300,GO-SR-5,"Sateesh Babu, (GO-SR-5)",,,,N70150046434,512,stb_kept,,,,,,,,,,,"Box stays on GO-SR-5 Sateesh Babu, (GO-SR-5) (already this Hathway connection). Mobize code is also on SH-3→469 Sateesh Babu GO SR. Not moved."
stb,update,1300,GO-SR-5,"Sateesh Babu, (GO-SR-5)",,,,N70150046434,512,existing_n,ACTIVE,active,active,,,HW KA GOLD KANNADA TELUGU SPECIAL 30d,HW KA GOLD KANNADA TELUGU SPECIAL 30d,2026-09-17,2026-10-17,,expiry from Hathway main pack
review,review,1301,GO-SR-21,"Naveen - stylu, (GO-SR-21)",,,,N70130897104,513,stb_kept,,,,,,,,,,,"Box stays on GO-SR-21 Naveen - stylu, (GO-SR-21) (already this Hathway connection). Mobize code is also on SH-4→470 Naveen stylu GO SR. Not moved."
stb,update,1301,GO-SR-21,"Naveen - stylu, (GO-SR-21)",,,,N70130897104,513,existing_n,ACTIVE,active,active,,,HW KA BRONZE 30d,HW KA BRONZE 30d,2026-09-18,2026-10-18,,expiry from Hathway main pack
stb,update,471,202684094,Shukrulla sharif,,,,N70152400357,514,existing_n,INACTIVE,active,inactive,,,Custom Rs 400.02,,,,,status active→inactive; card → T403051875694
stb,update,472,202684108,Ranjith,,,,N70130897138,515,existing_n,ACTIVE,active,active,,,HW KA BUDGET HINDI PLUS 30d,HW KA BUDGET HINDI PLUS 30d,2026-09-15,2026-10-15,,expiry from Hathway main pack
review,review,1302,GO-SR-20,"Rajesh, (GO-SR-20)",,,,N70130897484,520,stb_kept,,,,,,,,,,,"Box stays on GO-SR-20 Rajesh, (GO-SR-20) (already this Hathway connection). Mobize code is also on SH-12→477 Rajesh GO SR. Not moved."
stb,update,478,202684281,Roopa,,,,N70130835880,521,existing_n,ACTIVE,active,active,,,HW KA BRONZE 30d,HW KA BRONZE 30d,2026-09-18,2026-10-18,,expiry from Hathway main pack
review,review,1303,GO-SR-12,"Prajawani, (GO-SR-12)",,,,N70130897773,522,stb_kept,,,,,,,,,,,"Box stays on GO-SR-12 Prajawani, (GO-SR-12) (already this Hathway connection). Mobize code is also on SH-14→479 Prajawani GO SR. Not moved."
review,review,1304,GO-SR-22,"Khadar, (GO-SR-22)",,,,N70130835914,523,stb_kept,,,,,,,,,,,"Box stays on GO-SR-22 Khadar, (GO-SR-22) (already this Hathway connection). Mobize code is also on SH-15→480 Khadar GO SR. Not moved."
stb,update,1304,GO-SR-22,"Khadar, (GO-SR-22)",,,,N70130835914,523,existing_n,ACTIVE,suspended,active,,,KARNATAKA FTA 30d,HW KA GOLD MARATHI SD 30d,2026-09-29,2026-10-12,,status suspended→active; plan from Hathway main pack; expiry from Hathway main pack
stb,update,481,202684351,Srinivas (Balaji textile),,,,N70130836029,524,existing_n,ACTIVE,active,active,,,HW KA BRONZE 30d,HW KA BRONZE 30d,2026-09-18,2026-10-18,,expiry from Hathway main pack
stb,update,483,202684437,Gangadhar SR,,,,N70130897112,526,existing_n,ACTIVE,active,active,,,HW KA BRONZE 30d,HW KA BRONZE 30d,2026-09-18,2026-10-18,,expiry from Hathway main pack
review,review,1305,GO-SR-23,"Aslam, (GO-SR-23)",,,,N70150034331,528,stb_kept,,,,,,,,,,,"Box stays on GO-SR-23 Aslam, (GO-SR-23) (already this Hathway connection). Mobize code is also on SH-23→485 Aslam GO SR. Not moved."
review,review,1306,GO-SR-28,"Manjanna (winding), (GO-SR-28)",,,,N70130897518,529,stb_kept,,,,,,,,,,,"Box stays on GO-SR-28 Manjanna (winding), (GO-SR-28) (already this Hathway connection). Mobize code is also on SH-24→486 Manjanna winding GO SR. Not moved."
stb,update,1306,GO-SR-28,"Manjanna (winding), (GO-SR-28)",,,,N70130897518,529,existing_n,ACTIVE,suspended,active,,,KARNATAKA FTA 30d,KARNATAKA FTA 30d,2026-09-29,2026-09-29,,status suspended→active
stb,update,487,202824114,Azeez,,,,N70142553067,530,existing_n,INACTIVE,active,inactive,,,HW KA KANNADA HINDI MARATHI 30d,,2026-09-28,2026-09-28,,status active→inactive
stb,update,488,203100463,Jeelan,,,,N70142403743,531,existing_n,INACTIVE,suspended,inactive,,,Custom Rs 400,,,,,status suspended→inactive; card → T403041879087
stb,update,489,203776118,Ashwin,,,,N70175036675,532,existing_n,ACTIVE,suspended,active,,,KARNATAKA FTA 30d,KARNATAKA FTA 30d,2026-09-29,2026-09-29,,status suspended→active
stb,update,490,203916532,Sunil,,,,N71705071067,533,existing_n,ACTIVE,suspended,active,,,KARNATAKA FTA 30d,KARNATAKA FTA 30d,2026-09-29,2026-09-29,railtel:775:KA.MANJUSHREE12; iptv:1203:9738781278; ott:1214:9738781278,status suspended→active
review,review,1307,GO-SK-2,"Lokesh, (GO-SK-2)",,,,N70152415777,535,stb_kept,,,,,,,,,,,"Box stays on GO-SK-2 Lokesh, (GO-SK-2) (already this Hathway connection). Mobize code is also on SK-1→492 Lokesh GO SK. Not moved."
stb,update,1307,GO-SK-2,"Lokesh, (GO-SK-2)",,,,N70152415777,535,existing_n,ACTIVE,suspended,active,,,KARNATAKA FTA 30d,KARNATAKA FTA 30d,2026-09-29,2026-09-29,,status suspended→active
stb,update,498,202684251,Chandrashekar,,,,N70152416080,541,existing_n,INACTIVE,active,inactive,,,Custom Rs 270,,,,,status active→inactive; card → T403051891428
stb,update,499,202684267,Balaji,,,,N70152403369,542,existing_n,ACTIVE,suspended,active,,,KARNATAKA FTA 30d,KARNATAKA FTA 30d,2026-09-29,2026-09-29,,status suspended→active
review,review,1309,GO-SK-1,"T. R Amar, (GO-SK-1)",,,,N70152415579,545,stb_kept,,,,,,,,,,,"Box stays on GO-SK-1 T. R Amar, (GO-SK-1) (already this Hathway connection). Mobize code is also on SK-14→502 T R Amar GO SK. Not moved."
stb,update,1309,GO-SK-1,"T. R Amar, (GO-SK-1)",,,,N70152415579,545,existing_n,ACTIVE,suspended,active,,,HW KA BRONZE 30d,HW KA BRONZE 30d,2026-10-27,2026-10-27,,status suspended→active
review,review,1310,SK-29,"Lakshmi Narayan, (SK-29)",,,,N70152403211,546,stb_kept,,,,,,,,,,,"Box stays on SK-29 Lakshmi Narayan, (SK-29) (already this Hathway connection). Mobize code is also on SK-15→503 Lakshmi Narayan SK. Not moved."
stb,update,1310,SK-29,"Lakshmi Narayan, (SK-29)",,,,N70152403211,546,existing_n,ACTIVE,active,active,,,HW KA BRONZE 30d,HW KA BRONZE 30d,2026-09-14,2026-10-14,,expiry from Hathway main pack
review,review,1140,SK-4,"Murgeshanna, (SK-4)",,,,N70152394246,547,stb_kept,,,,,,,,,,,"Box stays on SK-4 Murgeshanna, (SK-4) (already this Hathway connection). Mobize code is also on SK-16→504 Murgeshanna SK. Not moved."
stb,update,1140,SK-4,"Murgeshanna, (SK-4)",,,,N70152394246,547,existing_n,ACTIVE,active,active,,,HW KA BRONZE 30d,HW KA BRONZE 30d,2026-09-19,2026-10-19,,expiry from Hathway main pack
stb,update,506,203146164,Babanna SK,,,,N70150026733,549,existing_n,INACTIVE,active,inactive,,,HW KA GOLD KANNADA TELUGU SPECIAL 30d,,2026-09-12,2026-09-12,,status active→inactive
stb,update,507,204013114,Mohan.gold,,,,N70940351615,550,existing_n,ACTIVE,active,active,,,HW KA KANNADA TELUGU HINDI HD 30d,HW KA KANNADA TELUGU HINDI HD 30d,2026-09-16,2026-10-16,,expiry from Hathway main pack
stb,update,511,202684226,Narashimha Murthy,,,,N70152404615,554,existing_n,ACTIVE,active,active,,,HW KA BUDGET KANNADA SD 30d,HW KA BUDGET KANNADA SD 30d,2026-10-01,2026-10-31,,expiry from Hathway main pack
stb,update,512,202907516,Radamma,,,,N70130895785,555,existing_n,ACTIVE,suspended,active,,,KARNATAKA FTA 30d,KARNATAKA FTA 30d,2026-09-29,2026-09-29,,status suspended→active
stb,update,513,203854141,Geetha,,,,N70177485631,556,existing_n,ACTIVE,active,active,,,HW KA BRONZE 30d,HW KA BRONZE 30d,2026-09-17,2026-10-17,,expiry from Hathway main pack
stb,update,516,202710347,Venkateswara Printers,,,,N70130897310,559,existing_n,ACTIVE,active,active,,,HW KA BRONZE 30d,HW KA BRONZE 30d,2026-09-18,2026-10-18,railtel:689:KA.BHARATHEESHA,expiry from Hathway main pack
review,review,520,SVP-5,"Manoj, (SVP-5)",,,,N70150031204,561,stb_kept,,,,,,,,,,,"Box stays on SVP-5 Manoj, (SVP-5) (already this Hathway connection). Mobize code is also on SVP-3→518 Bedarelingappa Hospital, (SVP-3). Not moved."
review,review,518,SVP-3,"Bedarelingappa Hospital, (SVP-3)",,,,N70152401546,566,stb_kept,,,,,,,,,,,"Box stays on SVP-3 Bedarelingappa Hospital, (SVP-3) (already this Hathway connection). Mobize code is also on SVP-8→522 Bedarelingappa Hospital SVP. Not moved."
review,review,526,203485473,Krishna Svp,,,,N70175040941,570,stb_kept,,,,,,,,,,,"Box stays on 203485473 Krishna Svp (already this Hathway connection). Mobize code is also on SVP-13→1341 N. Manjunath, (SVP-13). Not moved."
review,review,530,202684071,Kumaraswamy,,,,N70150034018,574,stb_kept,,,,,,,,,,,"Box stays on 202684071 Kumaraswamy (already this Hathway connection). Mobize code is also on VH-1→1327 AMARNATH, (VH-1). Not moved."
review,review,530,202684071,Kumaraswamy,,,,N70150034208,578,stb_kept,,,,,,,,,,,Box stays on 202684071 Kumaraswamy (already this Hathway connection). Mobize code is also on VH-5→534 Arun kumar. Not moved.
review,review,535,202684312,Shankarachar,,,,N70152401264,579,stb_kept,,,,,,,,,,,"Box stays on 202684312 Shankarachar (already this Hathway connection). Mobize code is also on VH-6→1328 Subrahmaniyam (Shamiyana), (VH-6). Not moved."
stb,update,535,202684312,Shankarachar,,,,N70152401264,579,existing_n,ACTIVE,active,active,,,HW KA BRONZE 30d,HW KA BRONZE 30d,2026-09-14,2026-10-14,,expiry from Hathway main pack
review,review,540,202684420,Anandbabu,,,,N72202663406,585,stb_kept,,,,,,,,,,railtel:670:KA.SRILAKSHMISR,"Box stays on 202684420 Anandbabu (already this Hathway connection). Mobize code is also on VH-11→1326 Aravind, (VH-11). Not moved."
stb,update,540,202684420,Anandbabu,,,,N72202663406,585,existing_n,ACTIVE,active,active,,,HW KA GOLD KANNADA TELUGU SPECIAL 30d,HW KA GOLD KANNADA TELUGU SPECIAL 30d,2026-09-19,2026-10-19,railtel:670:KA.SRILAKSHMISR,expiry from Hathway main pack
stb,update,542,202684466,Kiran Kumar,,,,N72202865803,587,existing_n,ACTIVE,active,active,,,HW KA GOLD KANNADA TELUGU SPECIAL 30d,HW KA GOLD KANNADA TELUGU SPECIAL 30d,2026-09-19,2026-10-19,railtel:757:KA.NEHAMK,expiry from Hathway main pack
review,review,1315,GO-VT-61,"Naganandanna, (GO-VT-61)",,,,N70152396720,591,stb_kept,,,,,,,,,,,"Box stays on GO-VT-61 Naganandanna, (GO-VT-61) (already this Hathway connection). Mobize code is also on VH-17→546 Naganandanna GO VT. Not moved."
review,review,1315,GO-VT-61,"Naganandanna, (GO-VT-61)",,,,N70152454610,592,stb_kept,,,,,,,,,,,"Box stays on GO-VT-61 Naganandanna, (GO-VT-61) (already this Hathway connection). Mobize code is also on VH-17→546 Naganandanna GO VT. Not moved."
review,review,1315,GO-VT-61,"Naganandanna, (GO-VT-61)",,,,N70152458496,593,stb_kept,,,,,,,,,,,"Box stays on GO-VT-61 Naganandanna, (GO-VT-61) (already this Hathway connection). Mobize code is also on VH-17→546 Naganandanna GO VT. Not moved."
stb,update,1315,GO-VT-61,"Naganandanna, (GO-VT-61)",,,,N70152458496,593,existing_n,INACTIVE,active,inactive,,,Custom Rs 600,,,,,status active→inactive; card → T403051933832
review,review,1316,GO-VT-16,"Govindaiah (work shop), (GO-VT-16)",,,,N70150033416,595,stb_kept,,,,,,,,,,,"Box stays on GO-VT-16 Govindaiah (work shop), (GO-VT-16) (already this Hathway connection). Mobize code is also on VH-19→548 Govindaiah work shop GO VT. Not moved."
stb,update,1316,GO-VT-16,"Govindaiah (work shop), (GO-VT-16)",,,,N70150033416,595,existing_n,ACTIVE,active,active,,,HW KA BRONZE 30d,HW KA BRONZE 30d,2026-09-15,2026-10-15,,expiry from Hathway main pack
review,review,1317,GO-VT-56,"Jayaram, (GO-VT-56)",,,,N70150090747,596,stb_kept,,,,,,,,,,,"Box stays on GO-VT-56 Jayaram, (GO-VT-56) (already this Hathway connection). Mobize code is also on VH-20→549 Jayaram GO VT. Not moved."
stb,update,550,202867974,Sagar,,,,N70152454206,597,existing_n,ACTIVE,suspended,active,,,KARNATAKA FTA 30d,KARNATAKA FTA 30d,2026-09-29,2026-09-29,,status suspended→active
stb,update,551,203133070,Vinayak prasad,,,,N70152398098,598,existing_n,ACTIVE,suspended,active,,,KARNATAKA FTA 30d,KARNATAKA FTA 30d,2026-09-29,2026-09-29,,status suspended→active
stb,update,555,KT-60,Girish,,,,N71706468379,602,existing_n,ACTIVE,active,active,,,HW KA BRONZE 30d,HW KA BRONZE 30d,2026-09-16,2026-10-16,,expiry from Hathway main pack
review,review,1261,RS-310,Rakesh KK,,,,N70177468660,605,stb_kept,,,,,,,,,,,Box stays on RS-310 Rakesh KK (already this Hathway connection). Mobize code is also on KT-61→558 Gowramma. Not moved.
review,review,1245,GO-CN-2,"Pooja traders, (GO-CN-2)",,,,N70152404383,611,stb_kept,,,,,,,,,,,"Box stays on GO-CN-2 Pooja traders, (GO-CN-2) (already this Hathway connection). Mobize code is also on CN-56→564 Pooja traders. Not moved."
stb,update,572,LB-13,Akmal,,,,N71722985612,619,existing_n,ACTIVE,active,active,,,HW KA GOLD MARATHI SD 30d,HW KA GOLD MARATHI SD 30d,2026-09-15,2026-10-15,,expiry from Hathway main pack
stb,update,888,202684460,UNITY TRANSPORTS  GT,,,,N70130930509,1016,existing_n,ACTIVE,active,active,,,,HW KA BRONZE 30d,,2026-10-24,railtel:958:KA.IMRANPASHA,plan from Hathway main pack; expiry from Hathway main pack
stb,update,811,202684378,Kantaraju (Fertilizer) (Home),,,,N70152403229,1045,existing_n,INACTIVE,active,inactive,,,,,,,railtel:876:KA.PRATHIBHACG; ott:1212:9343210099,status active→inactive
stb,update,954,202684188,Jayanth (Free),,,,N70150030438,1071,existing_n,ACTIVE,active,active,,,,HW KA BRONZE 30d,,2026-10-16,,plan from Hathway main pack; expiry from Hathway main pack
stb,update,1005,203187410,Rekha,,,,N70150015744,1110,existing_n,INACTIVE,active,inactive,,,,,,,,status active→inactive; card → T403049491083
stb,update,1018,202701167,Babu Bagepalli,,,,N70150030529,1119,existing_n,ACTIVE,active,active,,,,HW KA BRONZE 30d,,2026-10-04,,plan from Hathway main pack; expiry from Hathway main pack
stb,update,1020,204542558,Rudresh.playwood,,,,N71706459345,1121,existing_n,ACTIVE,active,active,,,,KARNATAKA FTA 30d,,2026-09-29,,plan from Hathway main pack; expiry from Hathway main pack
stb,update,1025,203707310,Sachin flower,,,,N70174970650,1126,existing_n,INACTIVE,active,inactive,,,,,,,,status active→inactive; card → T403074445996
stb,update,1081,202684225,Punith,,,,N70152398213,1175,existing_n,ACTIVE,active,active,,,,KARNATAKA FTA 30d,,2026-09-29,,plan from Hathway main pack; expiry from Hathway main pack
stb,update,44,BH-1,Nagaraju Metro KK,,,,N71734720171,1220,existing_n,ACTIVE,active,active,,,,HW KA BRONZE 30d,,2026-10-11,,plan from Hathway main pack; expiry from Hathway main pack
review,review,1218,CB-54,"Kantaraju (Gold Smith), (CB-54)",,,,N70130929345,1221,stb_kept,,,,,,,,,,,"Box stays on CB-54 Kantaraju (Gold Smith), (CB-54) (already this Hathway connection). Mobize code is also on CB-4→1106 Mahadev Roy, (CB-4). Not moved."
stb,update,1218,CB-54,"Kantaraju (Gold Smith), (CB-54)",,,,N70130929345,1221,existing_n,ACTIVE,active,active,,,,HW KA SOUTH GOLD 30d,,2026-10-09,,plan from Hathway main pack; expiry from Hathway main pack
review,review,1218,CB-54,"Kantaraju (Gold Smith), (CB-54)",,,,N70130929386,1222,stb_kept,,,,,,,,,,,"Box stays on CB-54 Kantaraju (Gold Smith), (CB-54) (already this Hathway connection). Mobize code is also on CB-4→1106 Mahadev Roy, (CB-4). Not moved."
stb,update,1218,CB-54,"Kantaraju (Gold Smith), (CB-54)",,,,N70130929386,1222,existing_n,ACTIVE,active,active,,,,HW KA GOLD KANNADA TELUGU SPECIAL 30d,,2026-10-10,,plan from Hathway main pack; expiry from Hathway main pack
stb,update,1107,202684128,Lokanna  CN,,,,N70152420355,1225,existing_n,ACTIVE,active,active,,,,HW KA BUDGET KANNADA TELUGU SD 30d,,2026-10-28,,plan from Hathway main pack; expiry from Hathway main pack
review,review,1223,GO-CN-62,"Naganna, (GO-CN-62)",,,,N70130910956,1227,stb_kept,,,,,,,,,,,"Box stays on GO-CN-62 Naganna, (GO-CN-62) (already this Hathway connection). Mobize code is also on CN-16→1108 Naganna GO CN. Not moved."
stb,update,1223,GO-CN-62,"Naganna, (GO-CN-62)",,,,N70130910956,1227,existing_n,ACTIVE,active,active,,,,HW KA BRONZE 30d,,2026-10-26,,plan from Hathway main pack; expiry from Hathway main pack
stb,update,135,CN-45,Fayaz CN,,,,N71735520125,1228,existing_n,ACTIVE,active,active,,,,HW KA GOLD MARATHI SD 30d,2026-10-20,2026-10-20,,plan from Hathway main pack
stb,update,1109,202684376,Raju (anni),,,,N70150033598,1234,existing_n,ACTIVE,active,active,,,,HW KA BUDGET KANNADA TELUGU SD 30d,,2026-10-12,,plan from Hathway main pack; expiry from Hathway main pack
stb,update,315,203578579,Amjad PL,,,,N70177408740,1237,existing_n,ACTIVE,active,active,,,,HW KA SILVER KANNADA HINDI SD 30d,,2026-10-26,,plan from Hathway main pack; expiry from Hathway main pack
review,review,1272,MC-32,Kishan (MC-32),,,,N70150043530,1240,stb_kept,,,,,,,,,,,"Box stays on MC-32 Kishan (MC-32) (already this Hathway connection). Mobize code is also on MC-12→330 Pooja Traders, (MC-12). Not moved."
stb,update,1272,MC-32,Kishan (MC-32),,,,N70150043530,1240,existing_n,ACTIVE,active,active,,,,HW KA GOLD MARATHI SD 30d,,2026-10-21,,plan from Hathway main pack; expiry from Hathway main pack
review,review,92,PT-8,"Venkatesh Babu, (PT-8)",,,,N70130929394,1242,stb_kept,,,,,,,,,,,"Box stays on PT-8 Venkatesh Babu, (PT-8) (already this Hathway connection). Mobize code is also on PT-12→392 Virupakshi, (PT-12). Not moved."
stb,update,92,PT-8,"Venkatesh Babu, (PT-8)",,,,N70130929394,1242,existing_n,ACTIVE,active,active,,,,HW KA BRONZE 30d,,2026-10-10,,plan from Hathway main pack; expiry from Hathway main pack
review,review,92,PT-8,"Venkatesh Babu, (PT-8)",,,,N70130929253,1243,stb_kept,,,,,,,,,,,"Box stays on PT-8 Venkatesh Babu, (PT-8) (already this Hathway connection). Mobize code is also on PT-12→392 Virupakshi, (PT-12). Not moved."
stb,update,92,PT-8,"Venkatesh Babu, (PT-8)",,,,N70130929253,1243,existing_n,INACTIVE,active,inactive,,,,,,,,status active→inactive; card → T403030404590
stb,update,1110,202684069,Sadananda Roa RS,,,,N70130897617,1244,existing_n,ACTIVE,active,active,,,,HW KA BRONZE 30d,,2026-10-18,,plan from Hathway main pack; expiry from Hathway main pack
stb,update,27,AJ-27,"Manoj jewellers, (AJ-27)",,,,N70152400365,1248,existing_n,ACTIVE,active,active,,,,HW KA SILVER KANNADA HD 30d,,2026-10-04,,plan from Hathway main pack; expiry from Hathway main pack
stb,update,1114,202739677,Ramesh BA,,,,N70150032137,1249,existing_n,ACTIVE,active,active,,,,HW KA BRONZE 30d,,2026-10-24,,plan from Hathway main pack; expiry from Hathway main pack
review,review,50,BH-4,"RD Electricals, (BH-4)",,,,N70150030628,1250,stb_kept,,,,,,,,,,,"Box stays on BH-4 RD Electricals, (BH-4) (already this Hathway connection). Mobize code is also on BH-7→48 Kamadenu lodge, (BH-7). Not moved."
stb,update,50,BH-4,"RD Electricals, (BH-4)",,,,N70150030628,1250,existing_n,ACTIVE,active,active,,,,HW KA BRONZE 30d,,2026-10-23,,plan from Hathway main pack; expiry from Hathway main pack
stb,update,58,203831367,Krupa-Home,,,,N70142478810,1251,existing_n,ACTIVE,active,active,,,,KARNATAKA FTA 30d,,2026-09-29,railtel:920:KA.KRUPAH; iptv:1205:9019563840; ott:1211:9019563840,plan from Hathway main pack; expiry from Hathway main pack
stb,update,169,DP-28,Shashi Electricals DP,,,,N70150034885,1331,existing_n,INACTIVE,active,inactive,,,,,,,,status active→inactive; card → T403049510221
review,review,1212,BA-22,"Meenakshi, (BA-22)",,,,N70152402155,1332,stb_kept,,,,,,,,,,,"Box stays on BA-22 Meenakshi, (BA-22) (already this Hathway connection). Mobize code is also on BA-9→36 Rasik Behari Kesari, (BA-9). Not moved."
stb,update,1212,BA-22,"Meenakshi, (BA-22)",,,,N70152402155,1332,existing_n,ACTIVE,active,active,,,,HW KA BRONZE 30d,,2026-10-17,,card → T403051877492; plan from Hathway main pack; expiry from Hathway main pack
stb,update,346,202736204,Rajendra Lodge,,,,N70152413335,1347,existing_n,ACTIVE,active,active,,,,HW KA BRONZE 30d,,2026-10-25,,card → T403051888671; plan from Hathway main pack; expiry from Hathway main pack
review,review,147,DP-4,"Shashi Electricals, (DP-4)",,,,N71715857323,1351,stb_kept,,,,,,,,,,railtel:748:KA.HARSHADBHYRATAE; iptv:1198:9741627555,"Box stays on DP-4 Shashi Electricals, (DP-4) (already this Hathway connection). Mobize code is also on DP-28→169 Shashi Electricals DP. Not moved."
stb,update,147,DP-4,"Shashi Electricals, (DP-4)",,,,N71715857323,1351,existing_n,ACTIVE,active,active,,,,HW KA BRONZE 30d,,2026-10-24,railtel:748:KA.HARSHADBHYRATAE; iptv:1198:9741627555,card → T403217277900; plan from Hathway main pack; expiry from Hathway main pack
review,review,170,DP-44,"Sujith, (DP-44)",,,,N70152401140,1353,stb_kept,,,,,,,,,,,"Box stays on DP-44 Sujith, (DP-44) (already this Hathway connection). Mobize code is also on DP-29→999 Giricharan, (DP-29). Not moved."
stb,update,170,DP-44,"Sujith, (DP-44)",,,,N70152401140,1353,existing_n,ACTIVE,active,active,,,,HW KA BRONZE 30d,,2026-10-20,,card → T403051876486; plan from Hathway main pack; expiry from Hathway main pack
review,review,1253,HO-98,"Sridhar, (HO-98)",,,,N70150046756,1355,stb_kept,,,,,,,,,,,"Box stays on HO-98 Sridhar, (HO-98) (already this Hathway connection). Mobize code is also on HO-15→220 Subanna (Provision Store), (HO-15). Not moved."
stb,update,1253,HO-98,"Sridhar, (HO-98)",,,,N70150046756,1355,existing_n,ACTIVE,active,active,,,,HW KA BUDGET KANNADA TELUGU SD 30d,,2026-10-03,,card → T403049522093; plan from Hathway main pack; expiry from Hathway main pack
review,review,1256,HO-99,"Satyanarayan, (HO-99)",,,,N70152403096,1356,stb_kept,,,,,,,,,,,"Box stays on HO-99 Satyanarayan, (HO-99) (already this Hathway connection). Mobize code is also on HO-24→228 Anand kumar T (Lawyer), (HO-24). Not moved."
stb,update,1256,HO-99,"Satyanarayan, (HO-99)",,,,N70152403096,1356,existing_n,ACTIVE,active,active,,,,HW KA GOLD KANNADA TELUGU SPECIAL 30d,,2026-10-03,,card → T403051878433; plan from Hathway main pack; expiry from Hathway main pack
stb,update,568,202684327,Dr.Maheshwari,,,,N70130897542,1359,existing_n,ACTIVE,active,active,,,,HW KA SILVER KANNADA HD 30d,,2026-10-07,,card → T403030372888; plan from Hathway main pack; expiry from Hathway main pack
review,review,249,KK-4,"Manjunath Provision, (KK-4)",,,,N70152398254,1361,stb_kept,,,,,,,,,,,"Box stays on KK-4 Manjunath Provision, (KK-4) (already this Hathway connection). Mobize code is also on KK-2→247 Arun (Vasavi Medicals), (KK-2). Not moved."
stb,update,249,KK-4,"Manjunath Provision, (KK-4)",,,,N70152398254,1361,existing_n,ACTIVE,active,active,,,,HW KA GOLD KANNADA TELUGU SPECIAL 30d,,2026-10-19,,card → T403051873590; plan from Hathway main pack; expiry from Hathway main pack
review,review,1260,KK-19,"Shashi Kumar, (KK-19)",,,,N70130933560,1362,stb_kept,,,,,,,,,,,"Box stays on KK-19 Shashi Kumar, (KK-19) (already this Hathway connection). Mobize code is also on KK-4→249 Manjunath Provision, (KK-4). Not moved."
stb,update,1260,KK-19,"Shashi Kumar, (KK-19)",,,,N70130933560,1362,existing_n,ACTIVE,active,active,,,,KARNATAKA FTA 30d,,2026-09-29,,card → T403030408906; plan from Hathway main pack; expiry from Hathway main pack
review,review,250,KK-7,"Goutham (Kappanna), (KK-7)",,,,N71725690490,1363,stb_kept,,,,,,,,,,,"Box stays on KK-7 Goutham (Kappanna), (KK-7) (already this Hathway connection). Mobize code is also on KK-5→991 Nataraju, (KK-5). Not moved."
stb,update,250,KK-7,"Goutham (Kappanna), (KK-7)",,,,N71725690490,1363,existing_n,ACTIVE,active,active,,,,HW KA BRONZE 30d,,2026-10-19,,card → T403227111073; plan from Hathway main pack; expiry from Hathway main pack
review,review,1278,MC-22,"Akshaya bekery, (MC-22)",,,,N70150032061,1368,stb_kept,,,,,,,,,,,"Box stays on MC-22 Akshaya bekery, (MC-22) (already this Hathway connection). Mobize code is also on MC-20→337 Chetana (Muncipal), (MC-20). Not moved."
stb,update,1278,MC-22,"Akshaya bekery, (MC-22)",,,,N70150032061,1368,existing_n,ACTIVE,active,active,,,,HW KA BRONZE 30d,,2026-10-22,,card → T403049507409; plan from Hathway main pack; expiry from Hathway main pack
review,review,1138,PT-6,"Rafeeq (Fruit), (PT-6)",,,,N70130910600,1375,stb_kept,,,,,,,,,,,"Box stays on PT-6 Rafeeq (Fruit), (PT-6) (already this Hathway connection). Mobize code is also on PT-20→556 Kumaranna (Bakery), (PT-20). Not moved."
stb,update,1138,PT-6,"Rafeeq (Fruit), (PT-6)",,,,N70130910600,1375,existing_n,ACTIVE,active,active,,,,KARNATAKA FTA 30d,,2026-09-29,,card → T403030385948; plan from Hathway main pack; expiry from Hathway main pack
review,review,524,SVP-10,"Kumar (Vegetable), (SVP-10)",,,,N70150031063,1380,stb_kept,,,,,,,,,,,"Box stays on SVP-10 Kumar (Vegetable), (SVP-10) (already this Hathway connection). Mobize code is also on SVP-5→520 Manoj, (SVP-5). Not moved."
stb,update,524,SVP-10,"Kumar (Vegetable), (SVP-10)",,,,N70150031063,1380,existing_n,ACTIVE,active,active,,,,HW KA BRONZE 30d,,2026-10-22,,card → T403049506401; plan from Hathway main pack; expiry from Hathway main pack
review,review,1314,GO-GR-1,"Ganesha jewelers, (GO-GR-1)",,,,N70150092800,1381,stb_kept,,,,,,,,,,,"Box stays on GO-GR-1 Ganesha jewelers, (GO-GR-1) (already this Hathway connection). Mobize code is also on SVP-10→524 Kumar (Vegetable), (SVP-10). Not moved."
stb,update,1314,GO-GR-1,"Ganesha jewelers, (GO-GR-1)",,,,N70150092800,1381,existing_n,ACTIVE,active,active,,,,HW KA BRONZE 30d,,2026-10-20,,card → T403049568146; plan from Hathway main pack; expiry from Hathway main pack
review,review,30,202701507,Gokul (Anand Bekary),,,,N70150032160,1382,stb_kept,,,,,,,,,,,"Box stays on 202701507 Gokul (Anand Bekary) (already this Hathway connection). Mobize code is also on BA-2→1113 Dinesha (Ramdev), (BA-2). Not moved."
stb,update,30,202701507,Gokul (Anand Bekary),,,,N70150032160,1382,existing_n,ACTIVE,active,active,,,,HW KA SOUTH GOLD KANNADA MALAYALAM 30d,,2026-10-01,,card → T403049507508; plan from Hathway main pack; expiry from Hathway main pack
review,review,45,202684324,Somasundar,,,,N70130896775,1385,stb_kept,,,,,,,,,,,"Box stays on 202684324 Somasundar (already this Hathway connection). Mobize code is also on BH-2→1116 Bairavi Glass and plywoods, (BH-2). Not moved."
stb,update,45,202684324,Somasundar,,,,N70130896775,1385,existing_n,ACTIVE,active,active,,,,HW KA SILVER KANNADA HD 30d,,2026-10-22,,card → T403030372110; plan from Hathway main pack; expiry from Hathway main pack
review,review,47,202684368,Satyanarayan (Oil),,,,N70152400530,1386,stb_kept,,,,,,,,,,,"Box stays on 202684368 Satyanarayan (Oil) (already this Hathway connection). Mobize code is also on BH-4→50 RD Electricals, (BH-4). Not moved."
stb,update,47,202684368,Satyanarayan (Oil),,,,N70152400530,1386,existing_n,ACTIVE,active,active,,,,HW KA BRONZE 30d,,2026-10-23,,card → T403051875876; plan from Hathway main pack; expiry from Hathway main pack
review,review,79,202684112,Gopi  CG,,,,N70152458611,1388,stb_kept,,,,,,,,,,,"Box stays on 202684112 Gopi  CG (already this Hathway connection). Mobize code is also on CG-2→1119 Shivananda Swamy, (CG-2). Not moved."
stb,update,79,202684112,Gopi  CG,,,,N70152458611,1388,existing_n,ACTIVE,active,active,,,,HW KA KANNADA TELUGU HINDI HD 30d,,2026-10-25,,card → T403051933956; plan from Hathway main pack; expiry from Hathway main pack
review,review,82,202684199,Santosh,,,,N70152408806,1389,stb_kept,,,,,,,,,,,"Box stays on 202684199 Santosh (already this Hathway connection). Mobize code is also on CG-5→1120 Nataraj, (CG-5). Not moved."
stb,update,82,202684199,Santosh,,,,N70152408806,1389,existing_n,ACTIVE,active,active,,,,HW KA SILVER KANNADA HD 30d,,2026-10-18,,card → T403051884142; plan from Hathway main pack; expiry from Hathway main pack
review,review,1324,202684058,Jagadish,,,,N70130899324,1390,stb_kept,,,,,,,,,,,"Box stays on 202684058 Jagadish (already this Hathway connection). Mobize code is also on CN-2→96 Basappa, (CN-2). Not moved."
stb,update,1324,202684058,Jagadish,,,,N70130899324,1390,existing_n,ACTIVE,active,active,,,,HW KA SILVER KANNADA SD 30d,,2026-10-07,,card → T403030374660; plan from Hathway main pack; expiry from Hathway main pack
review,review,1325,202684331,Subbanna (Winding)  CN,,,,N70152420363,1391,stb_kept,,,,,,,,,,,"Box stays on 202684331 Subbanna (Winding)  CN (already this Hathway connection). Mobize code is also on CN-15→107 Dasharata ramaiah, (CN-15). Not moved."
stb,update,1325,202684331,Subbanna (Winding)  CN,,,,N70152420363,1391,existing_n,ACTIVE,active,active,,,,HW KA GOLD KANNADA TELUGU SPECIAL 30d,,2026-10-26,,card → T403051895700; plan from Hathway main pack; expiry from Hathway main pack
review,review,113,202684462,Chandramma,,,,N70130910881,1392,stb_kept,,,,,,,,,,,"Box stays on 202684462 Chandramma (already this Hathway connection). Mobize code is also on CN-21→1122 Sowmya, (CN-21). Not moved."
stb,update,113,202684462,Chandramma,,,,N70130910881,1392,existing_n,ACTIVE,active,active,,,,HW KA GOLD KANNADA TELUGU SPECIAL 30d,,2026-10-07,,card → T403030386227; plan from Hathway main pack; expiry from Hathway main pack
review,review,1318,202684098,Harsha Electricals,,,,N70150033804,1396,stb_kept,,,,,,,,,,,"Box stays on 202684098 Harsha Electricals (already this Hathway connection). Mobize code is also on DP-4→147 Shashi Electricals, (DP-4). Not moved."
stb,update,1318,202684098,Harsha Electricals,,,,N70150033804,1396,existing_n,ACTIVE,active,active,,,,KARNATAKA FTA 30d,,2026-09-29,,card → T403049509140; plan from Hathway main pack; expiry from Hathway main pack
stb,update,1332,202684360,Lakshmamma,,,,N70131110572,1398,existing_n,ACTIVE,active,active,,,,HW KA BRONZE 30d,,2026-10-04,,card → T403030585919; plan from Hathway main pack; expiry from Hathway main pack
review,review,231,202684223,Basavaraju (Shastri),,,,N70130929196,1399,stb_kept,,,,,,,,,,,"Box stays on 202684223 Basavaraju (Shastri) (already this Hathway connection). Mobize code is also on KG-2→1128 Yateesh, (KG-2). Not moved."
stb,update,231,202684223,Basavaraju (Shastri),,,,N70130929196,1399,existing_n,ACTIVE,active,active,,,,HW KA BRONZE 30d,,2026-10-18,,card → T403030404533; plan from Hathway main pack; expiry from Hathway main pack
review,review,1333,202684235,Ramesh,,,,N70130929162,1400,stb_kept,,,,,,,,,,,"Box stays on 202684235 Ramesh (already this Hathway connection). Mobize code is also on KG-3→232 Devendrappa, (KG-3). Not moved."
stb,update,1333,202684235,Ramesh,,,,N70130929162,1400,existing_n,ACTIVE,active,active,,,,HW KA BRONZE 30d,,2026-10-20,,card → T403030404509; plan from Hathway main pack; expiry from Hathway main pack
stb,update,1334,202684144,Krishnan Metals,,,,N70142580474,1401,existing_n,ACTIVE,active,active,,,,HW KA GOLD TAMIL SD 30d,,2026-10-19,,card → T403042055810; plan from Hathway main pack; expiry from Hathway main pack
review,review,1334,202684144,Krishnan Metals,,,,N70142576043,1402,stb_kept,,,,,,,,,,,"Box stays on 202684144 Krishnan Metals (already this Hathway connection). Mobize code is also on KK-1→246 Rajanna (Kappanna), (KK-1). Not moved."
stb,update,1334,202684144,Krishnan Metals,,,,N70142576043,1402,existing_n,ACTIVE,active,active,,,,HW KA GOLD TAMIL SD 30d,,2026-10-08,,card → T403042051389; plan from Hathway main pack; expiry from Hathway main pack
review,review,282,202684404,Ravikumar,,,,N70152400803,1403,stb_kept,,,,,,,,,,,"Box stays on 202684404 Ravikumar (already this Hathway connection). Mobize code is also on KT-29→1129 ShivaShankar, (KT-29). Not moved."
stb,update,282,202684404,Ravikumar,,,,N70152400803,1403,existing_n,ACTIVE,active,active,,,,HW KA BRONZE 30d,,2026-10-21,,card → T403051876148; plan from Hathway main pack; expiry from Hathway main pack
stb,update,1336,202684478,Ramanna (Chats),,,,N70130897476,1404,existing_n,ACTIVE,active,active,,,,HW KA SILVER KANNADA HD 30d,,2026-10-19,,card → T403030372813; plan from Hathway main pack; expiry from Hathway main pack
review,review,1337,,Bhilal,,,,N70150024878,1407,stb_kept,,,,,,,,,,,"Box stays on 1337 Bhilal (already this Hathway connection). Mobize code is also on PT-1→1135 Ravindranatha Gupta, (PT-1). Not moved."
stb,update,1337,,Bhilal,,,,N70150024878,1407,existing_n,ACTIVE,active,active,,,,HW KA SILVER KANNADA HINDI SD 30d,,2026-10-23,,card → T403049500214; plan from Hathway main pack; expiry from Hathway main pack
review,review,383,202684219,Toufiq,,,,N70152404425,1408,stb_kept,,,,,,,,,,,"Box stays on 202684219 Toufiq (already this Hathway connection). Mobize code is also on PT-2→1136 Manjunath C. B, (PT-2). Not moved."
stb,update,383,202684219,Toufiq,,,,N70152404425,1408,existing_n,ACTIVE,active,active,,,,KARNATAKA FTA 30d,,2026-09-29,,card → T403051879761; plan from Hathway main pack; expiry from Hathway main pack
review,review,386,202684447,Subramanya,,,,N70940351805,1409,stb_kept,,,,,,,,,,,"Box stays on 202684447 Subramanya (already this Hathway connection). Mobize code is also on PT-5→1137 Harish (Milk), (PT-5). Not moved."
stb,update,386,202684447,Subramanya,,,,N70940351805,1409,existing_n,ACTIVE,active,active,,,,HW KA SOUTH GOLD KANNADA TELUGU 30d,,2026-10-01,,card → T403141769790; plan from Hathway main pack; expiry from Hathway main pack
review,review,386,202684447,Subramanya,,,,N70150034810,1410,stb_kept,,,,,,,,,,,"Box stays on 202684447 Subramanya (already this Hathway connection). Mobize code is also on PT-5→1137 Harish (Milk), (PT-5). Not moved."
stb,update,386,202684447,Subramanya,,,,N70150034810,1410,existing_n,ACTIVE,active,active,,,,HW KA SOUTH GOLD KANNADA TELUGU 30d,,2026-10-08,,card → T403049510155; plan from Hathway main pack; expiry from Hathway main pack
review,review,1338,PT-19,"Ambrish, (PT-19)",,,,N70150043332,1411,stb_kept,,,,,,,,,,,"Box stays on PT-19 Ambrish, (PT-19) (already this Hathway connection). Mobize code is also on PT-8→92 Venkatesh Babu, (PT-8). Not moved."
stb,update,1338,PT-19,"Ambrish, (PT-19)",,,,N70150043332,1411,existing_n,ACTIVE,active,active,,,,HW KA BRONZE 30d,,2026-10-26,,card → T403049518679; plan from Hathway main pack; expiry from Hathway main pack
review,review,434,202684347,Shashi lab,,,,N70130896031,1412,stb_kept,,,,,,,,,,,"Box stays on 202684347 Shashi lab (already this Hathway connection). Mobize code is also on RS-8→1139 Jenukal Hospital, (RS-8). Not moved."
stb,update,434,202684347,Shashi lab,,,,N70130896031,1412,existing_n,ACTIVE,active,active,,,,KARNATAKA FTA 30d,,2026-09-29,,card → T403030371377; plan from Hathway main pack; expiry from Hathway main pack
review,review,1340,202724333,Lohith SVP,,,,N70152401470,1414,stb_kept,,,,,,,,,,,"Box stays on 202724333 Lohith SVP (already this Hathway connection). Mobize code is also on SVP-2→517 Bharath Kumar, (SVP-2). Not moved."
stb,update,1340,202724333,Lohith SVP,,,,N70152401470,1414,existing_n,ACTIVE,active,active,,,,HW KA SILVER KANNADA HD 30d,,2026-10-27,,card → T403051876817; plan from Hathway main pack; expiry from Hathway main pack
stb,update,1341,SVP-13,"N. Manjunath, (SVP-13)",,,,N70152401637,1415,existing_n,ACTIVE,active,active,,,,HW KA SILVER KANNADA HD 30d,,2026-10-26,,card → T403051876973; plan from Hathway main pack; expiry from Hathway main pack
stb,update,1344,DP-5,Vinay,,,,N70150033069,1418,existing_n,ACTIVE,active,active,,,,HW KA BUDGET KANNADA TELUGU SD 30d,,2026-10-27,,card → T403049508407; plan from Hathway main pack; expiry from Hathway main pack
review,review,568,202684327,Dr.Maheshwari,,,,,,mobize_conflict,,,,,,,,,,,"More than one Mobize household for this customer's live boxes: PR-12 due 340.00, HO-26 due 0.00"
review,review,1261,RS-310,Rakesh KK,,,,,,mobize_conflict,,,,,,,,,,,"More than one Mobize household for this customer's live boxes: KT-61 due 100.00, KK-6 due 890.00, PR-20 due 1480.00"
review,review,435,202684362,Prathiba Raju,,,,,,mobize_conflict,,,,,,,,,,,"More than one Mobize household for this customer's live boxes: RS-20 due 1125.00, RS-9 due 1125.00"
review,review,143,204395738,Manju ( CN),,,,,,mobize_conflict,,,,,,,,,,,"More than one Mobize household for this customer's live boxes: CN-55 due 270.00, PR-19 due -250.00"
review,review,1134,204416307,Jameel,,,,,,mobize_conflict,,,,,,,,,,,"More than one Mobize household for this customer's live boxes: NC-5 due 1350.00, PL-15 due 800.00"
review,review,1234,GO-CN-19,"Suguna, (GO-CN-19)",,,,,,mobize_conflict,,,,,,,,,,,"More than one Mobize household for this customer's live boxes: CN-39 due 300.00, NC-9 due 7880.00"
review,review,1126,204406921,Devaraja(kt),,,,,,mobize_conflict,,,,,,,,,,,"More than one Mobize household for this customer's live boxes: HO-5 due 1480.00, KT-58 due 250.00"
review,review,1112,202684208,Yogeesh (Pipe),,,,,,mobize_conflict,,,,,,,,,,,"More than one Mobize household for this customer's live boxes: AJ-1 due 4960.00, CG-8 due 540.00"
review,review,195,202684139,Shankarappa HG,,,,,,mobize_conflict,,,,,,,,,,,"More than one Mobize household for this customer's live boxes: SH-33 due 0.00, HG-3 due 4610.00"
review,review,154,202684265,Saptagiri Jewelers,,,,,,mobize_conflict,,,,,,,,,,,"More than one Mobize household for this customer's live boxes: DP-12 due 0.00, DP-33 due 270.00"
review,review,530,202684071,Kumaraswamy,,,,,,mobize_conflict,,,,,,,,,,,"More than one Mobize household for this customer's live boxes: VH-5 due 540.00, VH-1 due 0.00"
review,review,1338,PT-19,"Ambrish, (PT-19)",,,,,,mobize_conflict,,,,,,,,,,,"More than one Mobize household for this customer's live boxes: CG-17 due 0.00, PT-8 due 3640.00"
review,review,1125,202684339,Lakshmamma MAG,,,,,,mobize_conflict,,,,,,,,,,,"More than one Mobize household for this customer's live boxes: HG-9 due 1160.00, SK-9 due 3690.00"
review,review,1336,202684478,Ramanna (Chats),,,,,,mobize_shared,,,,,,,,,,,"Mobize row MG-4 also matches customers [1336, 319]; due not copied onto both"
review,review,319,204424921,Veerachar,,,,,,mobize_shared,,,,,,,,,,,"Mobize row MG-4 also matches customers [1336, 319]; due not copied onto both"
review,review,169,DP-28,Shashi Electricals DP,,,,,,mobize_shared,,,,,,,,,,,"Mobize row DP-28 also matches customers [169, 147]; due not copied onto both"
review,review,147,DP-4,"Shashi Electricals, (DP-4)",,,,,,mobize_shared,,,,,,,,,,railtel:748:KA.HARSHADBHYRATAE; iptv:1198:9741627555,"Mobize row DP-28 also matches customers [169, 147]; due not copied onto both"
review,review,1214,KK-12,"Nagaraju (Metro), (KK-12)",,,,,,mobize_shared,,,,,,,,,,,"Mobize row BH-1 also matches customers [1214, 44]; due not copied onto both"
review,review,44,BH-1,Nagaraju Metro KK,,,,,,mobize_shared,,,,,,,,,,,"Mobize row BH-1 also matches customers [1214, 44]; due not copied onto both"
customer,overlay,4,202684193,Manoj AJ,Manoj AJ,9379416846,9379416846,,,stb_or_code,,,,292.42,0.00,,,,,,due 292.42→0.00; name 'Manoj AJ'→'Manoj AJ'; phone 9379416846→9379416846
customer,overlay,6,202684316,Hemanth (Watch),Hemanth Watch,9880361801,9880361801,,,stb_or_code,,,,270.00,270.00,,,,,,due 270.00→270.00; name 'Hemanth (Watch)'→'Hemanth Watch'; phone 9880361801→9880361801
customer,overlay,7,202684323,Kumar (Hotel),Kumar Hotel,9538064581,9538064581,,,stb_or_code,,,,1930.00,1120.00,,,,,,due 1930.00→1120.00; name 'Kumar (Hotel)'→'Kumar Hotel'; phone 9538064581→9538064581
customer,overlay,8,202684364,Yateesh,Yateesh,9019220559,9019220559,,,stb_or_code,,,,1080.00,1070.00,,,,,,due 1080.00→1070.00; name 'Yateesh'→'Yateesh'; phone 9019220559→9019220559
customer,overlay,9,202684365,Kanchi Provision Stores,Kanchi Provision Stores,9448432878,9448432878,,,stb_or_code,,,,750.00,-250.00,,,,,,due 750.00→-250.00; name 'Kanchi Provision Stores'→'Kanchi Provision Stores'; phone 9448432878→9448432878
customer,overlay,10,202684391,Satyanarayan,Satyanarayan,8453509505,8453509505,,,stb_or_code,,,,310.00,0.00,,,,,,due 310.00→0.00; name 'Satyanarayan'→'Satyanarayan'; phone 8453509505→8453509505
customer,overlay,12,202684445,Shyama (Pani Puri),Shyama Pani Puri,9036918028,9036918028,,,stb_or_code,,,,310.00,0.00,,,,,,due 310.00→0.00; name 'Shyama (Pani Puri)'→'Shyama Pani Puri'; phone 9036918028→9036918028
customer,overlay,14,202684458,Mahadevanna (Hotel),Mahadevanna Hotel,7204702758,7204702758,,,stb_or_code,,,,0.00,0.00,,,,,,due 0.00→0.00; name 'Mahadevanna (Hotel)'→'Mahadevanna Hotel'; phone 7204702758→7204702758
customer,overlay,15,202701180,Mahesh,Mahesh,9964074159,9964074159,,,stb_or_code,,,,0.00,300.00,,,,,,due 0.00→300.00; name 'Mahesh'→'Mahesh'; phone 9964074159→9964074159
customer,overlay,19,202863029,Kumar AJT,Kumar AJT,7259317247,7259317247,,,stb_or_code,,,,750.00,210.00,,,,,,due 750.00→210.00; name 'Kumar AJT'→'Kumar AJT'; phone 7259317247→7259317247
customer,overlay,21,203327989,ARJUN (AJ),ARJUN AJ,9591912355,9591912355,,,stb_or_code,,,,0.00,0.00,,,,,railtel:1288:ARJUN_SJC,due 0.00→0.00; name 'ARJUN (AJ)'→'ARJUN AJ'; phone 9591912355→9591912355
customer,overlay,24,203522466,Ravi AST,Ravi AST,9945019970,9945019970,,,stb_or_code,,,,0.00,-250.00,,,,,,due 0.00→-250.00; name 'Ravi AST'→'Ravi AST'; phone 9945019970→9945019970
customer,overlay,26,204044501,lathamma,Lathamma,7483478829,7483478829,,,stb_or_code,,,,0.00,0.00,,,,,,due 0.00→0.00; name 'lathamma'→'Lathamma'; phone 7483478829→7483478829
customer,overlay,27,AJ-27,"Manoj jewellers, (AJ-27)",Manoj jewellers AJ,8088028242,8088028242,,,stb_or_code,,,,6200.00,4960.00,,,,,,"due 6200.00→4960.00; name 'Manoj jewellers, (AJ-27)'→'Manoj jewellers AJ'; phone 8088028242→8088028242"
customer,overlay,28,204234889,Vasantha,Vasantha,9790409514,9790409514,,,stb_or_code,,,,1250.00,200.00,,,,,,due 1250.00→200.00; name 'Vasantha'→'Vasantha'; phone 9790409514→9790409514
customer,overlay,30,202701507,Gokul (Anand Bekary),Gokul Anand Bekary,9964163142,9964163142,,,stb_or_code,,,,0.00,-330.00,,,,,,due 0.00→-330.00; name 'Gokul (Anand Bekary)'→'Gokul Anand Bekary'; phone 9964163142→9964163142
customer,overlay,36,BA-9,"Rasik Behari Kesari, (BA-9)",Rasik Behari Kesari BA,9743137387,9743137387,,,stb_or_code,,,,380.00,380.00,,,,,,"due 380.00→380.00; name 'Rasik Behari Kesari, (BA-9)'→'Rasik Behari Kesari BA'; phone 9743137387→9743137387"
customer,overlay,39,203356913,Munovar (BA),Munovar BA,9844051785,9844051785,,,stb_or_code,,,,3350.00,1150.00,,,,,,due 3350.00→1150.00; name 'Munovar (BA)'→'Munovar BA'; phone 9844051785→9844051785
customer,overlay,42,203784868,Suresh BA,Suresh BA,9164893315,9164893315,,,stb_or_code,,,,10.00,0.00,,,,,,due 10.00→0.00; name 'Suresh BA'→'Suresh BA'; phone 9164893315→9164893315
customer,overlay,45,202684324,Somasundar,Somasundar,9845087548,9845087548,,,stb_or_code,,,,0.00,620.00,,,,,,due 0.00→620.00; name 'Somasundar'→'Somasundar'; phone 9845087548→9845087548
customer,overlay,47,202684368,Satyanarayan (Oil),Satyanarayan Oil,9449748273,9449748273,,,stb_or_code,,,,450.00,3450.00,,,,,,due 450.00→3450.00; name 'Satyanarayan (Oil)'→'Satyanarayan Oil'; phone 9449748273→9449748273
customer,overlay,48,BH-7,"Kamadenu lodge, (BH-7)",Kamadenu lodge BH,9731284680,9731284680,,,stb_or_code,,,,2600.00,0.00,,,,,,"due 2600.00→0.00; name 'Kamadenu lodge, (BH-7)'→'Kamadenu lodge BH'; phone 9731284680→9731284680"
customer,overlay,50,BH-4,"RD Electricals, (BH-4)",RD Electricals BH,9448581766,9448581766,,,stb_or_code,,,,0.00,0.00,,,,,,"due 0.00→0.00; name 'RD Electricals, (BH-4)'→'RD Electricals BH'; phone 9448581766→9448581766"
customer,overlay,51,BH-8,"Govinda (Tailor), (BH-8)",Govinda Tailor BH,9036172271,9036172271,,,stb_or_code,,,,290.00,290.00,,,,,,"due 290.00→290.00; name 'Govinda (Tailor), (BH-8)'→'Govinda Tailor BH'; phone 9036172271→9036172271"
customer,overlay,56,203609799,Devraj,Devraj,8431313143,8431313143,,,stb_or_code,,,,3990.00,3450.00,,,,,,due 3990.00→3450.00; name 'Devraj'→'Devraj'; phone 8431313143→8431313143
customer,overlay,57,203616907,SKS Traders,SKS Traders,,9999999999,,,stb_or_code,,,,54000.00,51000.00,,,,,,due 54000.00→51000.00; name 'SKS Traders'→'SKS Traders'; phone —→9999999999
customer,overlay,58,203831367,Krupa-Home,Krupa Home,9019563840,9019563840,,,stb_or_code,,,,12250.00,8850.00,,,,,railtel:920:KA.KRUPAH; iptv:1205:9019563840; ott:1211:9019563840,due 12250.00→8850.00; name 'Krupa-Home'→'Krupa Home'; phone 9019563840→9019563840
customer,overlay,60,202684057,Mathrushre digital,Mathrushre digital,9880943918,9880943918,,,stb_or_code,,,,201.46,501.46,,,,,,due 201.46→501.46; name 'Mathrushre digital'→'Mathrushre digital'; phone 9880943918→9880943918
customer,overlay,63,202684238,Kiran Bondade,Kiran Bondade,8495050650,8495050650,,,stb_or_code,,,,2140.00,1870.00,,,,,,due 2140.00→1870.00; name 'Kiran Bondade'→'Kiran Bondade'; phone 8495050650→8495050650
customer,overlay,64,202684386,Gururaj Traders,Gururaj Traders,9449644019,9449644019,,,stb_or_code,,,,620.00,1860.00,,,,,,due 620.00→1860.00; name 'Gururaj Traders'→'Gururaj Traders'; phone 9449644019→9449644019
customer,overlay,65,202684407,Gajendra Traders,Gajendra Traders,9743211068,9743211068,,,stb_or_code,,,,2080.00,1830.00,,,,,,due 2080.00→1830.00; name 'Gajendra Traders'→'Gajendra Traders'; phone 9743211068→9743211068
customer,overlay,67,203020204,Devatha garments 2,Devatha garments,9036603145,9036603145,,,stb_or_code,,,,0.00,200.00,,,,,,due 0.00→200.00; name 'Devatha garments 2'→'Devatha garments'; phone 9036603145→9036603145
customer,overlay,73,CB-6,"Sunil Bhushan, (CB-6)",Sunil Bhushan CB,8151998351,8151998351,,,stb_or_code,,,,1900.00,350.00,,,,,,"due 1900.00→350.00; name 'Sunil Bhushan, (CB-6)'→'Sunil Bhushan CB'; phone 8151998351→8151998351"
customer,overlay,77,203831365,Pavan,Pavan,9900494951,9900494951,,,stb_or_code,,,,36750.00,31150.00,,,,,,due 36750.00→31150.00; name 'Pavan'→'Pavan'; phone 9900494951→9900494951
customer,overlay,79,202684112,Gopi  CG,Gopi CG,9448101910,9448101910,,,stb_or_code,,,,0.00,0.00,,,,,,due 0.00→0.00; name 'Gopi  CG'→'Gopi CG'; phone 9448101910→9448101910
customer,overlay,80,202684148,Manjunath CG,Manjunath CG,9886421367,9886421367,,,stb_or_code,,,,1550.00,1200.00,,,,,,due 1550.00→1200.00; name 'Manjunath CG'→'Manjunath CG'; phone 9886421367→9886421367
customer,overlay,81,202684196,Gopalanna,Gopalanna,8496811436,8496811436,,,stb_or_code,,,,500.00,250.00,,,,,,due 500.00→250.00; name 'Gopalanna'→'Gopalanna'; phone 8496811436→8496811436
customer,overlay,82,202684199,Santosh,Santosh,7829888895,7829888895,,,stb_or_code,,,,320.00,0.00,,,,,,due 320.00→0.00; name 'Santosh'→'Santosh'; phone 7829888895→7829888895
customer,overlay,83,202684201,Sridhar Jewerllers,Sridhar Jewerllers,9845860845,9845860845,,,stb_or_code,,,,1200.00,400.00,,,,,,due 1200.00→400.00; name 'Sridhar Jewerllers'→'Sridhar Jewerllers'; phone 9845860845→9845860845
customer,overlay,84,202684202,Basavarju,Basavarju,8073316105,8073316105,,,stb_or_code,,,,2130.00,1860.00,,,,,,due 2130.00→1860.00; name 'Basavarju'→'Basavarju'; phone 8073316105→8073316105
customer,overlay,85,202684318,Babu Rajendraprasad,Babu Rajendraprasad,9844010819,9844010819,,,stb_or_code,,,,0.00,270.00,,,,,,due 0.00→270.00; name 'Babu Rajendraprasad'→'Babu Rajendraprasad'; phone 9844010819→9844010819
customer,overlay,86,202684357,Sree Textiles,Sree Textiles,9844081066,9844081066,,,stb_or_code,,,,270.00,540.00,,,,,,due 270.00→540.00; name 'Sree Textiles'→'Sree Textiles'; phone 9844081066→9844081066
customer,overlay,89,CG-14,"Nandanna, (CG-14)",Nandanna CG,9742114905,9742114905,,,stb_or_code,,,,0.00,0.00,,,,,,"due 0.00→0.00; name 'Nandanna, (CG-14)'→'Nandanna CG'; phone 9742114905→9742114905"
customer,overlay,91,203963440,Harini,Harini,7760321026,7760321026,,,stb_or_code,,,,-270.00,540.00,,,,,,due -270.00→540.00; name 'Harini'→'Harini'; phone 7760321026→7760321026
customer,overlay,92,PT-8,"Venkatesh Babu, (PT-8)",Venkatesh Babu PT,9448834280,9448834280,,,stb_or_code,,,,5870.00,5910.00,,,,,,"due 5870.00→5910.00; name 'Venkatesh Babu, (PT-8)'→'Venkatesh Babu PT'; phone 9448834280→9448834280"
customer,overlay,93,204388631,Ningaraju,Ningaraju,9164662659,9164662659,,,stb_or_code,,,,1250.00,0.00,,,,,,due 1250.00→0.00; name 'Ningaraju'→'Ningaraju'; phone 9164662659→9164662659
customer,overlay,94,204424328,Jayanth,Jayanth,9620466295,9620466295,,,stb_or_code,,,,3200.00,2000.00,,,,,railtel:909:KA.JAYANTHAMS,due 3200.00→2000.00; name 'Jayanth'→'Jayanth'; phone 9620466295→9620466295
customer,overlay,95,202684044,Dakshinamurthy,Dakshinamurthy,9448326884,9448326884,,,stb_or_code,,,,-129.44,0.00,,,,,,due -129.44→0.00; name 'Dakshinamurthy'→'Dakshinamurthy'; phone 9448326884→9448326884
customer,overlay,97,GO-CN-1,"Pandith, (GO-CN-1)",Pandith GO CN,7676969697,7676969697,,,stb_or_code,,,,270.00,-270.00,,,,,,"due 270.00→-270.00; name 'Pandith, (GO-CN-1)'→'Pandith GO CN'; phone 7676969697→7676969697"
customer,overlay,100,202684207,Kalavati,Kalavati,8088372633,8088372633,,,stb_or_code,,,,974.30,670.00,,,,,,due 974.30→670.00; name 'Kalavati'→'Kalavati'; phone 8088372633→8088372633
customer,overlay,102,202684224,Prashanth Ngowdru,Prashanth Ngowdru,8453222666,8453222666,,,stb_or_code,,,,18976.38,7151.02,,,,,,due 18976.38→7151.02; name 'Prashanth Ngowdru'→'Prashanth Ngowdru'; phone 8453222666→8453222666
customer,overlay,104,202684306,Nanjundappa,Nanjundappa,9448544522,9448544522,,,stb_or_code,,,,0.00,-660.00,,,,,,due 0.00→-660.00; name 'Nanjundappa'→'Nanjundappa'; phone 9448544522→9448544522
customer,overlay,105,202684308,Suryanarayan,Suryanarayan,8861595069,8861595069,,,stb_or_code,,,,0.00,270.00,,,,,,due 0.00→270.00; name 'Suryanarayan'→'Suryanarayan'; phone 8861595069→8861595069
customer,overlay,109,202684379,Sharma,Sharma,9538125143,9538125143,,,stb_or_code,,,,3430.00,3440.00,,,,,,due 3430.00→3440.00; name 'Sharma'→'Sharma'; phone 9538125143→9538125143
customer,overlay,110,202684416,Jagadesh (welding),Jagadesh welding,9845141442,9845141442,,,stb_or_code,,,,690.00,420.00,,,,,,due 690.00→420.00; name 'Jagadesh (welding)'→'Jagadesh welding'; phone 9845141442→9845141442
customer,overlay,111,202684425,Venkateshwara traders,Venkateshwara traders,9844061089,9844061089,,,stb_or_code,,,,-2320.00,-3480.00,,,,,,due -2320.00→-3480.00; name 'Venkateshwara traders'→'Venkateshwara traders'; phone 9844061089→9844061089
customer,overlay,113,202684462,Chandramma,Chandramma,9663200624,9663200624,,,stb_or_code,,,,30.00,-280.00,,,,,,due 30.00→-280.00; name 'Chandramma'→'Chandramma'; phone 9663200624→9663200624
customer,overlay,114,202684463,S.G Bhaskar,S G Bhaskar,9916400202,9916400202,,,stb_or_code,,,,1600.00,-800.00,,,,,railtel:931:KA.VISHWANATHSP,due 1600.00→-800.00; name 'S.G Bhaskar'→'S G Bhaskar'; phone 9916400202→9916400202
customer,overlay,121,202724149,Nagachari,Nagachari,9886250769,9886250769,,,stb_or_code,,,,980.00,710.00,,,,,,due 980.00→710.00; name 'Nagachari'→'Nagachari'; phone 9886250769→9886250769
customer,overlay,135,CN-45,Fayaz CN,Fayaz CN,9945017979,9945017979,,,stb_or_code,,,,850.00,350.00,,,,,,due 850.00→350.00; name 'Fayaz CN'→'Fayaz CN'; phone 9945017979→9945017979
customer,overlay,136,203070923,Prakash CN,Prakash CN,8431400824,8431400824,,,stb_or_code,,,,270.00,0.00,,,,,,due 270.00→0.00; name 'Prakash CN'→'Prakash CN'; phone 8431400824→8431400824
customer,overlay,140,204003213,Sannoj,Sannoj,6360836152,6360836152,,,stb_or_code,,,,700.00,0.00,,,,,,due 700.00→0.00; name 'Sannoj'→'Sannoj'; phone 6360836152→6360836152
customer,overlay,141,204197228,Harish (CN),Harish CN,9110434599,9110434599,,,stb_or_code,,,,600.00,600.00,,,,,,due 600.00→600.00; name 'Harish (CN)'→'Harish CN'; phone 9110434599→9110434599
customer,overlay,142,204387844,Siddaraju,Siddaraju,7829766336,7829766336,,,stb_or_code,,,,270.00,300.00,,,,,,due 270.00→300.00; name 'Siddaraju'→'Siddaraju'; phone 7829766336→7829766336
customer,overlay,145,202684047,Basaveshwara Jewellers,Basaveshwara Jewellers,9880881803,9880881803,,,stb_or_code,,,,0.00,250.00,,,,,,due 0.00→250.00; name 'Basaveshwara Jewellers'→'Basaveshwara Jewellers'; phone 9880881803→9880881803
customer,overlay,149,202684117,Ranganna (Node),Ranganna Node,9448660186,9448660186,,,stb_or_code,,,,180.00,180.00,,,,,,due 180.00→180.00; name 'Ranganna (Node)'→'Ranganna Node'; phone 9448660186→9448660186
customer,overlay,150,202684165,S.R Traders,S R Traders,9986579825,9986579825,,,stb_or_code,,,,540.00,810.00,,,,,,due 540.00→810.00; name 'S.R Traders'→'S R Traders'; phone 9986579825→9986579825
customer,overlay,153,202684231,Tippeshanna,Tippeshanna,9886468444,9886468444,,,stb_or_code,,,,250.06,850.00,,,,,,due 250.06→850.00; name 'Tippeshanna'→'Tippeshanna'; phone 9886468444→9886468444
customer,overlay,155,202684274,Paramesh (Tailor),Paramesh Tailor,9448660203,9448660203,,,stb_or_code,,,,0.00,270.00,,,,,,due 0.00→270.00; name 'Paramesh (Tailor)'→'Paramesh Tailor'; phone 9448660203→9448660203
customer,overlay,156,202684287,Rajamma,Rajamma,9999999999,9999999999,,,stb_or_code,,,,0.00,-270.00,,,,,,due 0.00→-270.00; name 'Rajamma'→'Rajamma'; phone 9999999999→9999999999
customer,overlay,157,202684304,Nagaraju Fertilizers,Nagaraju Fertilizers,7019868869,7019868869,,,stb_or_code,,,,350.00,0.00,,,,,,due 350.00→0.00; name 'Nagaraju Fertilizers'→'Nagaraju Fertilizers'; phone 7019868869→7019868869
customer,overlay,159,202684333,Ramu,Ramu,8660162117,8660162117,,,stb_or_code,,,,500.00,100.00,,,,,,due 500.00→100.00; name 'Ramu'→'Ramu'; phone 8660162117→8660162117
customer,overlay,161,202684371,Venkataraju,Venkataraju,9036762632,9036762632,,,stb_or_code,,,,0.00,250.00,,,,,,due 0.00→250.00; name 'Venkataraju'→'Venkataraju'; phone 9036762632→9036762632
customer,overlay,163,DP-22,Srikanth MS,Srikanth,9448250911,9448250911,,,stb_or_code,,,,0.00,-30.00,,,,,,due 0.00→-30.00; name 'Srikanth MS'→'Srikanth'; phone 9448250911→9448250911
customer,overlay,167,202701199,Adarsh Jewelers,Adarsh Jewelers,9448431225,9448431225,,,stb_or_code,,,,310.00,620.00,,,,,,due 310.00→620.00; name 'Adarsh Jewelers'→'Adarsh Jewelers'; phone 9448431225→9448431225
customer,overlay,168,202701200,KCN Prasad,KCN Prasad,9740644980,9740644980,,,stb_or_code,,,,280.00,-560.00,,,,,,due 280.00→-560.00; name 'KCN Prasad'→'KCN Prasad'; phone 9740644980→9740644980
customer,overlay,170,DP-44,"Sujith, (DP-44)",Sujith DP,9036176467,9036176467,,,stb_or_code,,,,1320.00,1820.00,,,,,,"due 1320.00→1820.00; name 'Sujith, (DP-44)'→'Sujith DP'; phone 9036176467→9036176467"
customer,overlay,175,204040854,Madhu,Madhu,9164435828,9164435828,,,stb_or_code,,,,-430.00,0.00,,,,,,due -430.00→0.00; name 'Madhu'→'Madhu'; phone 9164435828→9164435828
customer,overlay,176,204178816,Prakash.gunda,Prakash gunda,7795846127,7795846127,,,stb_or_code,,,,1250.00,0.00,,,,,,due 1250.00→0.00; name 'Prakash.gunda'→'Prakash gunda'; phone 7795846127→7795846127
customer,overlay,177,202684051,KALYANKUMAR,KALYANKUMAR,9845901153,9845901153,,,stb_or_code,,,,310.00,620.00,,,,,,due 310.00→620.00; name 'KALYANKUMAR'→'KALYANKUMAR'; phone 9845901153→9845901153
customer,overlay,178,202684068,Kishor GT,Kishor GT,9916886887,9916886887,,,stb_or_code,,,,270.00,90.00,,,,,railtel:684:KA.KISHORB,due 270.00→90.00; name 'Kishor GT'→'Kishor GT'; phone 9916886887→9916886887
customer,overlay,179,202684298,Srinivas (Flower),Srinivas Flower,9449743016,9449743016,,,stb_or_code,,,,1859.14,3209.00,,,,,,due 1859.14→3209.00; name 'Srinivas (Flower)'→'Srinivas Flower'; phone 9449743016→9449743016
customer,overlay,180,202684398,Shadakshari (Tea),Shadakshari Tea,9964594252,9964594252,,,stb_or_code,,,,8450.00,1500.00,,,,,,due 8450.00→1500.00; name 'Shadakshari (Tea)'→'Shadakshari Tea'; phone 9964594252→9964594252
customer,overlay,181,202684405,Basavaraju,Basavaraju,9945300212,9945300212,,,stb_or_code,,,,510.00,240.00,,,,,,due 510.00→240.00; name 'Basavaraju'→'Basavaraju'; phone 9945300212→9945300212
customer,overlay,182,202684464,Lakshman GT,Lakshman GT,9620555333,9620555333,,,stb_or_code,,,,270.00,59.00,,,,,railtel:899:KA.GOUTHAM12,due 270.00→59.00; name 'Lakshman GT'→'Lakshman GT'; phone 9620555333→9620555333
customer,overlay,184,203685247,Nagarathna Hotel,Nagarathna Hotel,9036245561,9036245561,,,stb_or_code,,,,6490.00,5390.00,,,,,,due 6490.00→5390.00; name 'Nagarathna Hotel'→'Nagarathna Hotel'; phone 9036245561→9036245561
customer,overlay,185,204103462,Muppinaiah.S.R,Muppinaiah S R,9972100838,9972100838,,,stb_or_code,,,,0.00,0.00,,,,,,due 0.00→0.00; name 'Muppinaiah.S.R'→'Muppinaiah S R'; phone 9972100838→9972100838
customer,overlay,186,204216801,Chethan.TR,Chethan TR,8971906119,8971906119,,,stb_or_code,,,,650.00,30.00,,,,,,due 650.00→30.00; name 'Chethan.TR'→'Chethan TR'; phone 8971906119→8971906119
customer,overlay,187,202868157,Rangaraju,Rangaraju,9844490681,9844490681,,,stb_or_code,,,,270.00,0.00,,,,,,due 270.00→0.00; name 'Rangaraju'→'Rangaraju'; phone 9844490681→9844490681
customer,overlay,192,204231996,Kumaramma,Kumaramma,6364137250,6364137250,,,stb_or_code,,,,0.00,-540.00,,,,,,due 0.00→-540.00; name 'Kumaramma'→'Kumaramma'; phone 6364137250→6364137250
customer,overlay,193,202684110,Giriraj HG,Giriraj HG,7795005541,7795005541,,,stb_or_code,,,,2120.00,2140.00,,,,,,due 2120.00→2140.00; name 'Giriraj HG'→'Giriraj HG'; phone 7795005541→7795005541
customer,overlay,196,202684280,Yoganand (Flower),Yoganand Flower,9972566284,9972566284,,,stb_or_code,,,,0.00,0.00,,,,,,due 0.00→0.00; name 'Yoganand (Flower)'→'Yoganand Flower'; phone 9972566284→9972566284
customer,overlay,197,202684282,Doddaiah,Doddaiah,9986919112,9986919112,,,stb_or_code,,,,200.00,250.00,,,,,,due 200.00→250.00; name 'Doddaiah'→'Doddaiah'; phone 9986919112→9986919112
customer,overlay,198,202684284,Kempanna,Kempanna,9986333090,9986333090,,,stb_or_code,,,,0.00,290.00,,,,,,due 0.00→290.00; name 'Kempanna'→'Kempanna'; phone 9986333090→9986333090
customer,overlay,202,203359200,VEENA TG,VEENA TG,9980312400,9980312400,,,stb_or_code,,,,260.00,0.00,,,,,,due 260.00→0.00; name 'VEENA TG'→'VEENA TG'; phone 9980312400→9980312400
customer,overlay,203,203397065,Kempaiah HB,Kempaiah HB,9148001706,9148001706,,,stb_or_code,,,,1990.00,1720.00,,,,,,due 1990.00→1720.00; name 'Kempaiah HB'→'Kempaiah HB'; phone 9148001706→9148001706
customer,overlay,204,203516572,Madhu HG,Madhu HG,7892687960,7892687960,,,stb_or_code,,,,1800.00,0.00,,,,,,due 1800.00→0.00; name 'Madhu HG'→'Madhu HG'; phone 7892687960→7892687960
customer,overlay,205,204159221,Honnappa,Honnappa,9731539693,9731539693,,,stb_or_code,,,,-230.00,0.00,,,,,,due -230.00→0.00; name 'Honnappa'→'Honnappa'; phone 9731539693→9731539693
customer,overlay,206,202684161,Channabasavaiah Provission,Channabasavaiah Provission,9742259417,9742259417,,,stb_or_code,,,,1080.00,270.00,,,,,,due 1080.00→270.00; name 'Channabasavaiah Provission'→'Channabasavaiah Provission'; phone 9742259417→9742259417
customer,overlay,208,202684172,Delux Tailor,Delux Tailor,9945153386,9945153386,,,stb_or_code,,,,850.66,1351.06,,,,,,due 850.66→1351.06; name 'Delux Tailor'→'Delux Tailor'; phone 9945153386→9945153386
customer,overlay,209,202684175,Bhagavan Traders,Bhagavan Traders,9986120140,9986120140,,,stb_or_code,,,,527.14,1306.84,,,,,,due 527.14→1306.84; name 'Bhagavan Traders'→'Bhagavan Traders'; phone 9986120140→9986120140
customer,overlay,211,202684263,Nagendra Kumar LR,Nagendra Kumar LR,9886192704,9886192704,,,stb_or_code,,,,1000.00,-50.00,,,,,,due 1000.00→-50.00; name 'Nagendra Kumar LR'→'Nagendra Kumar LR'; phone 9886192704→9886192704
customer,overlay,215,202684396,Ashok Babu,Ashok Babu,9241051099,9241051099,,,stb_or_code,,,,250.00,0.00,,,,,,due 250.00→0.00; name 'Ashok Babu'→'Ashok Babu'; phone 9241051099→9241051099
customer,overlay,216,202684442,Triyambaka kumar(Busi),Triyambaka kumar Busi,8217519390,8217519390,,,stb_or_code,,,,5770.00,5270.00,,,,,,due 5770.00→5270.00; name 'Triyambaka kumar(Busi)'→'Triyambaka kumar Busi'; phone 8217519390→8217519390
customer,overlay,217,202684454,Divakar,Divakar,8073307426,8073307426,,,stb_or_code,,,,0.00,-240.00,,,,,,due 0.00→-240.00; name 'Divakar'→'Divakar'; phone 8073307426→8073307426
customer,overlay,218,202684471,CHANDAN (BESCOM),CHANDAN BESCOM,9886220227,9886220227,,,stb_or_code,,,,12445.48,12101.12,,,,,,due 12445.48→12101.12; name 'CHANDAN (BESCOM)'→'CHANDAN BESCOM'; phone 9886220227→9886220227
customer,overlay,220,HO-15,"Subanna (Provision Store), (HO-15)",Subanna Provision Store HO,9900940370,9900940370,,,stb_or_code,,,,0.00,0.00,,,,,,"due 0.00→0.00; name 'Subanna (Provision Store), (HO-15)'→'Subanna Provision Store HO'; phone 9900940370→9900940370"
customer,overlay,222,HO-122,"Darshan, (HO-122)",Darshan HO,9448326944,9448326944,,,stb_or_code,,,,310.00,630.00,,,,,,"due 310.00→630.00; name 'Darshan, (HO-122)'→'Darshan HO'; phone 9448326944→9448326944"
customer,overlay,225,202797572,Suresh HO,Suresh HO,9845294030,9845294030,,,stb_or_code,,,,0.00,350.00,,,,,,due 0.00→350.00; name 'Suresh HO'→'Suresh HO'; phone 9845294030→9845294030
customer,overlay,228,HO-24,"Anand kumar T (Lawyer), (HO-24)",Anand kumar T Lawyer HO,6362697509,6362697509,,,stb_or_code,,,,0.00,0.00,,,,,,"due 0.00→0.00; name 'Anand kumar T (Lawyer), (HO-24)'→'Anand kumar T Lawyer HO'; phone 6362697509→6362697509"
customer,overlay,229,203366085,MR Fancy Old,MR Fancy,8123227150,8123227150,,,stb_or_code,,,,1400.00,-8000.00,,,,,,due 1400.00→-8000.00; name 'MR Fancy Old'→'MR Fancy'; phone 8123227150→8123227150
customer,overlay,230,204281326,Pavan sadana footwear,pavan KG,9448175144,9448175144,,,stb_or_code,,,,5000.00,17190.00,,,,,,due 5000.00→17190.00; name 'Pavan sadana footwear'→'pavan KG'; phone 9448175144→9448175144
customer,overlay,231,202684223,Basavaraju (Shastri),Basavaraju Shastri,9972748312,9972748312,,,stb_or_code,,,,250.00,0.00,,,,,,due 250.00→0.00; name 'Basavaraju (Shastri)'→'Basavaraju Shastri'; phone 9972748312→9972748312
customer,overlay,233,202684256,Mallikarjunaiah,Mallikarjunaiah,8861591699,8861591699,,,stb_or_code,,,,780.00,510.00,,,,,,due 780.00→510.00; name 'Mallikarjunaiah'→'Mallikarjunaiah'; phone 8861591699→8861591699
customer,overlay,235,202684363,Basavaraj,Basavaraj,9986804626,9986804626,,,stb_or_code,,,,236.96,237.00,,,,,,due 236.96→237.00; name 'Basavaraj'→'Basavaraj'; phone 9986804626→9986804626
customer,overlay,237,202684397,Kanaka lakshmi jewellers,Kanaka lakshmi jewellers,9448792408,9448792408,,,stb_or_code,,,,270.00,0.00,,,,,,due 270.00→0.00; name 'Kanaka lakshmi jewellers'→'Kanaka lakshmi jewellers'; phone 9448792408→9448792408
customer,overlay,238,202684455,Pradeep (Basavaraj shastrigalu),Pradeep Basavaraj shastrigalu,9844074577,9844074577,,,stb_or_code,,,,6640.00,0.00,,,,,,due 6640.00→0.00; name 'Pradeep (Basavaraj shastrigalu)'→'Pradeep Basavaraj shastrigalu'; phone 9844074577→9844074577
customer,overlay,241,203124118,Lokanna KG,Lokanna KG,9108626449,9108626449,,,stb_or_code,,,,1750.00,1440.00,,,,,,due 1750.00→1440.00; name 'Lokanna KG'→'Lokanna KG'; phone 9108626449→9108626449
customer,overlay,244,204014370,Padmavathi,Padmavathi,9035596430,9035596430,,,stb_or_code,,,,1200.00,950.00,,,,,,due 1200.00→950.00; name 'Padmavathi'→'Padmavathi'; phone 9035596430→9035596430
customer,overlay,247,KK-2,"Arun (Vasavi Medicals), (KK-2)",Arun Vasavi Medicals KK,9886428679,9886428679,,,stb_or_code,,,,0.00,0.00,,,,,,"due 0.00→0.00; name 'Arun (Vasavi Medicals), (KK-2)'→'Arun Vasavi Medicals KK'; phone 9886428679→9886428679"
customer,overlay,249,KK-4,"Manjunath Provision, (KK-4)",Manjunath Provision KK,9916702544,9916702544,,,stb_or_code,,,,780.00,1580.00,,,,,,"due 780.00→1580.00; name 'Manjunath Provision, (KK-4)'→'Manjunath Provision KK'; phone 9916702544→9916702544"
customer,overlay,250,KK-7,"Goutham (Kappanna), (KK-7)",Goutham Kappanna KK,9886250218,9886250218,,,stb_or_code,,,,530.00,530.00,,,,,,"due 530.00→530.00; name 'Goutham (Kappanna), (KK-7)'→'Goutham Kappanna KK'; phone 9886250218→9886250218"
customer,overlay,252,202684228,Rangaswamy (Bakery),Rangaswamy Bakery,9108159513,9108159513,,,stb_or_code,,,,1530.00,1530.00,,,,,,due 1530.00→1530.00; name 'Rangaswamy (Bakery)'→'Rangaswamy Bakery'; phone 9108159513→9108159513
customer,overlay,253,202684366,Siddalingaiah Hotel,Siddalingaiah Hotel,9980652364,9980652364,,,stb_or_code,,,,780.00,520.00,,,,,,due 780.00→520.00; name 'Siddalingaiah Hotel'→'Siddalingaiah Hotel'; phone 9980652364→9980652364
customer,overlay,254,203380536,Mahalingappa,Mahalingappa,9844782761,9844782761,,,stb_or_code,,,,-250.00,750.00,,,,,,due -250.00→750.00; name 'Mahalingappa'→'Mahalingappa'; phone 9844782761→9844782761
customer,overlay,256,202791218,Kiran Kumar (KO),Kiran Kumar KO,6363316415,6363316415,,,stb_or_code,,,,825.84,536.88,,,,,,due 825.84→536.88; name 'Kiran Kumar (KO)'→'Kiran Kumar KO'; phone 6363316415→6363316415
customer,overlay,257,202684055,Vishwanath,Vishwanath,9164131239,9164131239,,,stb_or_code,,,,1200.00,400.00,,,,,railtel:621:KA.GURUCHARANMV,due 1200.00→400.00; name 'Vishwanath'→'Vishwanath'; phone 9164131239→9164131239
customer,overlay,258,202684060,Thimappa,Thimappa,9980988371,9980988371,,,stb_or_code,,,,0.00,540.00,,,,,,due 0.00→540.00; name 'Thimappa'→'Thimappa'; phone 9980988371→9980988371
customer,overlay,260,202684079,Krishnappa,Krishnappa,9611819110,9611819110,,,stb_or_code,,,,2570.00,2260.00,,,,,,due 2570.00→2260.00; name 'Krishnappa'→'Krishnappa'; phone 9611819110→9611819110
customer,overlay,261,202684086,Suresh Babu,Suresh Babu,9740124474,9740124474,,,stb_or_code,,,,0.00,340.00,,,,,,due 0.00→340.00; name 'Suresh Babu'→'Suresh Babu'; phone 9740124474→9740124474
customer,overlay,262,202684141,Varadaraj,Varadaraj,9739171418,9739171418,,,stb_or_code,,,,280.00,-60.00,,,,,,due 280.00→-60.00; name 'Varadaraj'→'Varadaraj'; phone 9739171418→9739171418
customer,overlay,263,202684155,Srinivas Murthy,Srinivas Murthy,9916004728,9916004728,,,stb_or_code,,,,210.00,270.00,,,,,,due 210.00→270.00; name 'Srinivas Murthy'→'Srinivas Murthy'; phone 9916004728→9916004728
customer,overlay,264,202684179,Darshan,Darshan,8880032500,8880032500,,,stb_or_code,,,,270.00,0.00,,,,,,due 270.00→0.00; name 'Darshan'→'Darshan'; phone 8880032500→8880032500
customer,overlay,265,202684194,Mohan (Tailor),Mohan Tailor,9986397756,9986397756,,,stb_or_code,,,,2973.00,2433.00,,,,,,due 2973.00→2433.00; name 'Mohan (Tailor)'→'Mohan Tailor'; phone 9986397756→9986397756
customer,overlay,266,202684200,Nagaraju TV,Nagaraju TV,9845837120,9845837120,,,stb_or_code,,,,750.00,310.00,,,,,,due 750.00→310.00; name 'Nagaraju TV'→'Nagaraju TV'; phone 9845837120→9845837120
customer,overlay,267,202684213,Prasanna anna,Prasanna anna,9448130019,9448130019,,,stb_or_code,,,,1746.00,746.00,,,,,,due 1746.00→746.00; name 'Prasanna anna'→'Prasanna anna'; phone 9448130019→9448130019
customer,overlay,270,202684229,Jayadevappa Lawyer,Jayadevappa Lawyer,9886637138,9886637138,,,stb_or_code,,,,540.00,270.00,,,,,,due 540.00→270.00; name 'Jayadevappa Lawyer'→'Jayadevappa Lawyer'; phone 9886637138→9886637138
customer,overlay,271,202684233,Manjanna (Tailor),Manjanna Tailor,9886437547,9886437547,,,stb_or_code,,,,1000.00,1000.00,,,,,,due 1000.00→1000.00; name 'Manjanna (Tailor)'→'Manjanna Tailor'; phone 9886437547→9886437547
customer,overlay,272,202684234,Nagabhushan,Nagabhushan,9844624742,9844624742,,,stb_or_code,,,,2304.84,2305.00,,,,,,due 2304.84→2305.00; name 'Nagabhushan'→'Nagabhushan'; phone 9844624742→9844624742
customer,overlay,273,202684239,Pushpamma,Pushpamma,9743061676,9164074445,,,stb_or_code,,,,0.00,0.00,,,,,,due 0.00→0.00; name 'Pushpamma'→'Pushpamma'; phone 9743061676→9164074445
customer,overlay,274,202684269,Manjunath,Manjunath,9742555760,9742555760,,,stb_or_code,,,,1847.00,1577.00,,,,,,due 1847.00→1577.00; name 'Manjunath'→'Manjunath'; phone 9742555760→9742555760
customer,overlay,275,202684270,Drakshayanamma,Drakshayanamma,8748861237,8748861237,,,stb_or_code,,,,250.00,0.00,,,,,,due 250.00→0.00; name 'Drakshayanamma'→'Drakshayanamma'; phone 8748861237→8748861237
customer,overlay,277,202684289,Shivanand,Shivanand,8861974999,8861974999,,,stb_or_code,,,,0.00,270.00,,,,,,due 0.00→270.00; name 'Shivanand'→'Shivanand'; phone 8861974999→8861974999
customer,overlay,278,202684291,Vijayanna,Vijayanna,7019060334,7019060334,,,stb_or_code,,,,5040.00,5070.00,,,,,,due 5040.00→5070.00; name 'Vijayanna'→'Vijayanna'; phone 7019060334→7019060334
customer,overlay,279,202684292,Gangadhar (KT),Gangadhar KT,9844901071,9844901071,,,stb_or_code,,,,270.00,0.00,,,,,,due 270.00→0.00; name 'Gangadhar (KT)'→'Gangadhar KT'; phone 9844901071→9844901071
customer,overlay,282,202684404,Ravikumar,Ravikumar,9743743346,9743743346,,,stb_or_code,,,,476.00,206.00,,,,,,due 476.00→206.00; name 'Ravikumar'→'Ravikumar'; phone 9743743346→9743743346
customer,overlay,283,202684410,Shivu(Pujar),Shivu Pujar,9742621620,9742621620,,,stb_or_code,,,,2910.00,3100.00,,,,,,due 2910.00→3100.00; name 'Shivu(Pujar)'→'Shivu Pujar'; phone 9742621620→9742621620
customer,overlay,284,202684440,Nagaraju,Nagaraju,8884285519,8884285519,,,stb_or_code,,,,1340.00,740.00,,,,,,due 1340.00→740.00; name 'Nagaraju'→'Nagaraju'; phone 8884285519→8884285519
customer,overlay,285,202684444,Sukanya (Sister),Sukanya Sister,9986102258,9986102258,,,stb_or_code,,,,540.00,810.00,,,,,,due 540.00→810.00; name 'Sukanya (Sister)'→'Sukanya Sister'; phone 9986102258→9986102258
customer,overlay,287,202684473,Anil Kumar,Anil Kumar,9844735635,9844735635,,,stb_or_code,,,,1710.00,1940.00,,,,,,due 1710.00→1940.00; name 'Anil Kumar'→'Anil Kumar'; phone 9844735635→9844735635
customer,overlay,295,203090204,Mohan Achar,Mohan Achar,9513027535,9513027535,,,stb_or_code,,,,270.00,0.00,,,,,,due 270.00→0.00; name 'Mohan Achar'→'Mohan Achar'; phone 9513027535→9513027535
customer,overlay,296,203093084,Kala HT,Kala HT,9620146392,9620146392,,,stb_or_code,,,,600.00,-200.00,,,,,,due 600.00→-200.00; name 'Kala HT'→'Kala HT'; phone 9620146392→9620146392
customer,overlay,298,203740254,Chaya,Chaya,9663179222,9663179222,,,stb_or_code,,,,1500.00,500.00,,,,,,due 1500.00→500.00; name 'Chaya'→'Chaya'; phone 9663179222→9663179222
customer,overlay,299,203852544,Jayaram,Jayaram,9731996357,9731996357,,,stb_or_code,,,,2000.00,750.00,,,,,,due 2000.00→750.00; name 'Jayaram'→'Jayaram'; phone 9731996357→9731996357
customer,overlay,300,203896450,Srinivas KT,Srinivas KT,8496881451,8496881451,,,stb_or_code,,,,260.00,-30.00,,,,,,due 260.00→-30.00; name 'Srinivas KT'→'Srinivas KT'; phone 8496881451→8496881451
customer,overlay,302,204026716,prakashanna gowdru,prakashanna gowdru,9448833189,9448833189,,,stb_or_code,,,,6750.00,6480.00,,,,,,due 6750.00→6480.00; name 'prakashanna gowdru'→'prakashanna gowdru'; phone 9448833189→9448833189
customer,overlay,304,204135675,Chandru kumar,Chandru kumar,9148167378,9148167378,,,stb_or_code,,,,300.00,50.00,,,,,,due 300.00→50.00; name 'Chandru kumar'→'Chandru kumar'; phone 9148167378→9148167378
customer,overlay,305,204145793,Pradeep (KT),Pradeep KT,9742114897,9742114897,,,stb_or_code,,,,6800.00,5600.00,,,,,,due 6800.00→5600.00; name 'Pradeep (KT)'→'Pradeep KT'; phone 9742114897→9742114897
customer,overlay,307,202684088,Mohid Pasha,Mohid Pasha,9008272952,9008272952,,,stb_or_code,,,,360.00,700.00,,,,,,due 360.00→700.00; name 'Mohid Pasha'→'Mohid Pasha'; phone 9008272952→9008272952
customer,overlay,308,202684171,Azam Watch,Azam Watch,9743464347,9743464347,,,stb_or_code,,,,-30.96,-31.00,,,,,,due -30.96→-31.00; name 'Azam Watch'→'Azam Watch'; phone 9743464347→9743464347
customer,overlay,309,202684230,Saleem Pasha,Saleem Pasha,7338594822,7338594822,,,stb_or_code,,,,0.00,400.00,,,,,,due 0.00→400.00; name 'Saleem Pasha'→'Saleem Pasha'; phone 7338594822→7338594822
customer,overlay,310,202684240,Zamrudh,Zamrudh,9945067708,9945067708,,,stb_or_code,,,,1316.40,350.00,,,,,,due 1316.40→350.00; name 'Zamrudh'→'Zamrudh'; phone 9945067708→9945067708
customer,overlay,313,203128385,Jabeen Hotel,Jabeen Hotel,9148181260,9148181260,,,stb_or_code,,,,0.00,400.00,,,,,,due 0.00→400.00; name 'Jabeen Hotel'→'Jabeen Hotel'; phone 9148181260→9148181260
customer,overlay,314,203571998,Fayaz LLB,Fayaz LLB,6360495513,6360495513,,,stb_or_code,,,,2400.00,400.00,,,,,,due 2400.00→400.00; name 'Fayaz LLB'→'Fayaz LLB'; phone 6360495513→6360495513
customer,overlay,315,203578579,Amjad PL,Amjad PL,9008289542,9008289542,,,stb_or_code,,,,6930.00,0.00,,,,,,due 6930.00→0.00; name 'Amjad PL'→'Amjad PL'; phone 9008289542→9008289542
customer,overlay,316,203891068,Syed Mujeeb,Syed Mujeeb,9141737971,9141737971,,,stb_or_code,,,,1400.00,5250.00,,,,,,due 1400.00→5250.00; name 'Syed Mujeeb'→'Syed Mujeeb'; phone 9141737971→9141737971
customer,overlay,321,202684385,Ramachar,Ramachar,9844020589,9844020589,,,stb_or_code,,,,250.02,0.00,,,,,,due 250.02→0.00; name 'Ramachar'→'Ramachar'; phone 9844020589→9844020589
customer,overlay,324,202724137,Devi Lal,Devi Lal,9019634550,9019634550,,,stb_or_code,,,,537.12,264.70,,,,,,due 537.12→264.70; name 'Devi Lal'→'Devi Lal'; phone 9019634550→9019634550
customer,overlay,329,GO-MC-7,"Nagaraju (likith), (GO-MC-7)",Nagaraju likith GO MC,7760195695,7760195695,,,stb_or_code,,,,0.00,0.00,,,,,,"due 0.00→0.00; name 'Nagaraju (likith), (GO-MC-7)'→'Nagaraju likith GO MC'; phone 7760195695→7760195695"
customer,overlay,337,MC-20,"Chetana (Muncipal), (MC-20)",Chetana Muncipal MC,9743050544,9743050544,,,stb_or_code,,,,8000.00,0.00,,,,,,"due 8000.00→0.00; name 'Chetana (Muncipal), (MC-20)'→'Chetana Muncipal MC'; phone 9743050544→9743050544"
customer,overlay,340,203888859,Ramesh MC,Ramesh MC,7338569040,7338569040,,,stb_or_code,,,,6700.00,5350.00,,,,,,due 6700.00→5350.00; name 'Ramesh MC'→'Ramesh MC'; phone 7338569040→7338569040
customer,overlay,341,204010717,Prdeep.hotel,Prdeep hotel,9972747979,9972747979,,,stb_or_code,,,,0.00,930.00,,,,,,due 0.00→930.00; name 'Prdeep.hotel'→'Prdeep hotel'; phone 9972747979→9972747979
customer,overlay,342,204403459,Mayur,Mayur,9964820494,9964820494,,,stb_or_code,,,,350.00,1250.00,,,,,,due 350.00→1250.00; name 'Mayur'→'Mayur'; phone 9964820494→9964820494
customer,overlay,343,204524029,Chandrashetti,Chandrashetti,9591861636,9591861636,,,stb_or_code,,,,0.00,-210.00,,,,,,due 0.00→-210.00; name 'Chandrashetti'→'Chandrashetti'; phone 9591861636→9591861636
customer,overlay,345,202684381,Zakir pasha,Zakir pasha,9448449090,9448449090,,,stb_or_code,,,,700.00,350.00,,,,,,due 700.00→350.00; name 'Zakir pasha'→'Zakir pasha'; phone 9448449090→9448449090
customer,overlay,347,203820410,Shabuddin,Shabuddin,9845413236,9845413236,,,stb_or_code,,,,2400.00,900.00,,,,,,due 2400.00→900.00; name 'Shabuddin'→'Shabuddin'; phone 9845413236→9845413236
customer,overlay,348,202684255,Narayana Gowdru (HOME,Narayana Gowdru HOME,7026522666,7026522666,,,stb_or_code,,,,1160.00,560.00,,,,,,due 1160.00→560.00; name 'Narayana Gowdru (HOME'→'Narayana Gowdru HOME'; phone 7026522666→7026522666
customer,overlay,350,202684082,Suma (Madam),Suma Madam,9986854603,9986854603,,,stb_or_code,,,,2850.00,2850.00,,,,,,due 2850.00→2850.00; name 'Suma (Madam)'→'Suma Madam'; phone 9986854603→9986854603
customer,overlay,356,202684344,Jayalakshmamma,Jayalakshmamma,9743037131,9743037131,,,stb_or_code,,,,880.00,610.00,,,,,,due 880.00→610.00; name 'Jayalakshmamma'→'Jayalakshmamma'; phone 9743037131→9743037131
customer,overlay,357,202684361,Ramanna (Pigmi),Ramanna Pigmi,9141140078,9141140078,,,stb_or_code,,,,920.00,920.00,,,,,,due 920.00→920.00; name 'Ramanna (Pigmi)'→'Ramanna Pigmi'; phone 9141140078→9141140078
customer,overlay,367,203325195,Zahur,Zahur,9844977979,9844977979,,,stb_or_code,,,,400.00,-300.00,,,,,,due 400.00→-300.00; name 'Zahur'→'Zahur'; phone 9844977979→9844977979
customer,overlay,368,203446160,Nagaraju MST,Nagaraju MST,9845403012,9845403012,,,stb_or_code,,,,5250.00,3980.00,,,,,,due 5250.00→3980.00; name 'Nagaraju MST'→'Nagaraju MST'; phone 9845403012→9845403012
customer,overlay,369,204027712,Shankaranna.Tailor,Shankaranna Tailor,9844685864,9844685864,,,stb_or_code,,,,810.00,810.00,,,,,,due 810.00→810.00; name 'Shankaranna.Tailor'→'Shankaranna Tailor'; phone 9844685864→9844685864
customer,overlay,372,204403458,Venkataraju(mst),Venkataraju mst,9739302217,9739302217,,,stb_or_code,,,,-180.00,0.00,,,,,,due -180.00→0.00; name 'Venkataraju(mst)'→'Venkataraju mst'; phone 9739302217→9739302217
customer,overlay,373,202684408,Dr. Prasad,Dr Prasad,9880800812,9880800812,,,stb_or_code,,,,270.00,0.00,,,,,,due 270.00→0.00; name 'Dr. Prasad'→'Dr Prasad'; phone 9880800812→9880800812
customer,overlay,377,204100051,Nandini,Nandini,9964094696,9964094696,,,stb_or_code,,,,-400.00,0.00,,,,,,due -400.00→0.00; name 'Nandini'→'Nandini'; phone 9964094696→9964094696
customer,overlay,378,204209786,Raziya khaum,Raziya khaum,9901611062,9901611062,,,stb_or_code,,,,-350.00,350.00,,,,,,due -350.00→350.00; name 'Raziya khaum'→'Raziya khaum'; phone 9901611062→9901611062
customer,overlay,379,202684049,Sundranna_1  NC,Sundranna NC,9113984763,9113984763,,,stb_or_code,,,,9772.52,9199.36,,,,,,due 9772.52→9199.36; name 'Sundranna_1  NC'→'Sundranna NC'; phone 9113984763→9113984763
customer,overlay,383,202684219,Toufiq,Toufiq,9663344676,9663344676,,,stb_or_code,,,,2009.00,1209.00,,,,,,due 2009.00→1209.00; name 'Toufiq'→'Toufiq'; phone 9663344676→9663344676
customer,overlay,384,202684297,Mohammed Shafi,Mohammed Shafi,9844473846,9844473846,,,stb_or_code,,,,400.00,0.00,,,,,,due 400.00→0.00; name 'Mohammed Shafi'→'Mohammed Shafi'; phone 9844473846→9844473846
customer,overlay,385,202684429,Varun (Tea),Varun Tea,9449391877,9449391877,,,stb_or_code,,,,0.00,260.00,,,,,,due 0.00→260.00; name 'Varun (Tea)'→'Varun Tea'; phone 9449391877→9449391877
customer,overlay,387,PT-90,"Naveen, (PT-90)",Naveen PT,9964593878,9964593878,,,stb_or_code,,,,270.00,270.00,,,,,,"due 270.00→270.00; name 'Naveen, (PT-90)'→'Naveen PT'; phone 9964593878→9964593878"
review,overlay_held,393,204162914,Nagaraj shetty,Virupakshi PT,8105556199,,,,name_clash,,,,6400.00,5260.00,,,,,,Mobize name 'Virupakshi PT' does not match 'Nagaraj shetty'. Due would move 6400.00→5260.00. Not applied.
customer,overlay,397,204422314,Ravi.tea hotel,Ravi tea hotel,9980098854,9980098854,,,stb_or_code,,,,-1000.00,-750.00,,,,,,due -1000.00→-750.00; name 'Ravi.tea hotel'→'Ravi tea hotel'; phone 9980098854→9980098854
customer,overlay,398,202684053,Farooq (Gujari),Farooq Gujari,9964713655,9964713655,,,stb_or_code,,,,0.00,0.00,,,,,,due 0.00→0.00; name 'Farooq (Gujari)'→'Farooq Gujari'; phone 9964713655→9964713655
customer,overlay,400,202684153,Navaz,Navaz,9845672039,9845672039,,,stb_or_code,,,,0.00,350.00,,,,,,due 0.00→350.00; name 'Navaz'→'Navaz'; phone 9845672039→9845672039
customer,overlay,401,202684370,Sikandar,Sikandar,9964593836,9964593836,,,stb_or_code,,,,3665.00,2855.00,,,,,,due 3665.00→2855.00; name 'Sikandar'→'Sikandar'; phone 9964593836→9964593836
customer,overlay,402,202684421,Siddiq,Siddiq,7026400974,7026400974,,,stb_or_code,,,,2604.74,2255.00,,,,,,due 2604.74→2255.00; name 'Siddiq'→'Siddiq'; phone 7026400974→7026400974
customer,overlay,405,202684392,Reshma,Reshma,8123649035,8123649035,,,stb_or_code,,,,2608.00,2208.00,,,,,,due 2608.00→2208.00; name 'Reshma'→'Reshma'; phone 8123649035→8123649035
customer,overlay,407,202684080,SK Foods,SK Foods,9739687096,9739687096,,,stb_or_code,,,,300.00,0.00,,,,,,due 300.00→0.00; name 'SK Foods'→'SK Foods'; phone 9739687096→9739687096
customer,overlay,409,202684216,Shankar PR,Shankar PR,8971153381,8971153381,,,stb_or_code,,,,5490.00,3940.00,,,,,,due 5490.00→3940.00; name 'Shankar PR'→'Shankar PR'; phone 8971153381→8971153381
customer,overlay,414,202684402,Madhu PR,Madhu PR,8618373630,8618373630,,,stb_or_code,,,,4100.00,4290.00,,,,,,due 4100.00→4290.00; name 'Madhu PR'→'Madhu PR'; phone 8618373630→8618373630
customer,overlay,415,202769872,Santosh (Flower),Santosh Flower,9964341066,9964341066,,,stb_or_code,,,,4420.00,4420.00,,,,,,due 4420.00→4420.00; name 'Santosh (Flower)'→'Santosh Flower'; phone 9964341066→9964341066
customer,overlay,416,202824210,Rajashekar (PR),Rajashekar PR,9902896292,9902896292,,,stb_or_code,,,,5700.00,4410.00,,,,,,due 5700.00→4410.00; name 'Rajashekar (PR)'→'Rajashekar PR'; phone 9902896292→9902896292
customer,overlay,419,203673305,Jayanna,Jayanna,8660377528,8660377528,,,stb_or_code,,,,1670.00,320.00,,,,,,due 1670.00→320.00; name 'Jayanna'→'Jayanna'; phone 8660377528→8660377528
customer,overlay,421,203874487,Vaniprasad,Vaniprasad,7406035700,7406035700,,,stb_or_code,,,,320.00,10.00,,,,,,due 320.00→10.00; name 'Vaniprasad'→'Vaniprasad'; phone 7406035700→7406035700
customer,overlay,422,203955852,Vijiyamma,Vijiyamma,9606598794,9606598794,,,stb_or_code,,,,310.00,930.00,,,,,,due 310.00→930.00; name 'Vijiyamma'→'Vijiyamma'; phone 9606598794→9606598794
customer,overlay,423,204089729,Madhu.TR,Madhu TR,8548859715,8548859715,,,stb_or_code,,,,0.00,970.00,,,,,,due 0.00→970.00; name 'Madhu.TR'→'Madhu TR'; phone 8548859715→8548859715
customer,overlay,426,204394119,Jayanthi,Jayanthi,9972749495,9972749495,,,stb_or_code,,,,690.00,420.00,,,,,,due 690.00→420.00; name 'Jayanthi'→'Jayanthi'; phone 9972749495→9972749495
customer,overlay,429,202684097,Mahadev,Mahadev,9731828787,9731828787,,,stb_or_code,,,,0.00,-250.00,,,,,,due 0.00→-250.00; name 'Mahadev'→'Mahadev'; phone 9731828787→9731828787
customer,overlay,431,202684271,T.G Shivanna,T G Shivanna,9448603646,9448603646,,,stb_or_code,,,,0.00,340.00,,,,,,due 0.00→340.00; name 'T.G Shivanna'→'T G Shivanna'; phone 9448603646→9448603646
customer,overlay,434,202684347,Shashi lab,Shashi lab,9448747165,9448747165,,,stb_or_code,,,,750.00,-250.00,,,,,,due 750.00→-250.00; name 'Shashi lab'→'Shashi lab'; phone 9448747165→9448747165
customer,overlay,440,202684456,Gangadhar,Gangadhar,9972228339,9972228339,,,stb_or_code,,,,0.00,75.00,,,,,,due 0.00→75.00; name 'Gangadhar'→'Gangadhar'; phone 9972228339→9972228339
customer,overlay,441,202724257,Mahesh Kumar (Railway) (RS),Mahesh Kumar Railway RS,9740473792,9740473792,,,stb_or_code,,,,270.00,270.00,,,,,,due 270.00→270.00; name 'Mahesh Kumar (Railway) (RS)'→'Mahesh Kumar Railway RS'; phone 9740473792→9740473792
customer,overlay,444,RS-20,"Gaddigappa, (RS-20)",Gaddigappa RS,9743004538,9743004538,,,stb_or_code,,,,270.00,0.00,,,,,,"due 270.00→0.00; name 'Gaddigappa, (RS-20)'→'Gaddigappa RS'; phone 9743004538→9743004538"
customer,overlay,446,204012817,Jagadish RS,Jagadish RS,8495004030,8495004030,,,stb_or_code,,,,250.00,500.00,,,,,,due 250.00→500.00; name 'Jagadish RS'→'Jagadish RS'; phone 8495004030→8495004030
customer,overlay,448,202684062,Banu Prashanth,Banu Prashanth,8217390551,8217390551,,,stb_or_code,,,,540.00,0.00,,,,,,due 540.00→0.00; name 'Banu Prashanth'→'Banu Prashanth'; phone 8217390551→8217390551
customer,overlay,450,202684130,Sirish,Sirish,9844201192,9844201192,,,stb_or_code,,,,0.00,-400.00,,,,,,due 0.00→-400.00; name 'Sirish'→'Sirish'; phone 9844201192→9844201192
customer,overlay,451,202684206,Prasanna vishwanath,Prasanna vishwanath,9742338833,9742338833,,,stb_or_code,,,,540.00,0.00,,,,,,due 540.00→0.00; name 'Prasanna vishwanath'→'Prasanna vishwanath'; phone 9742338833→9742338833
customer,overlay,454,202684329,Sharada Stores,Sharada Stores,9986071059,9844574338,,,stb_or_code,,,,433.84,429.36,,,,,,due 433.84→429.36; name 'Sharada Stores'→'Sharada Stores'; phone 9986071059→9844574338
customer,overlay,455,202684352,Bhagyamma,Bhagyamma,6360796374,6360796374,,,stb_or_code,,,,-20.00,-280.00,,,,,,due -20.00→-280.00; name 'Bhagyamma'→'Bhagyamma'; phone 6360796374→6360796374
customer,overlay,456,202684353,Dhananjaya (Jain Temple),Dhananjaya Jain Temple,9739685880,9739685880,,,stb_or_code,,,,-350.00,0.00,,,,,,due -350.00→0.00; name 'Dhananjaya (Jain Temple)'→'Dhananjaya Jain Temple'; phone 9739685880→9739685880
customer,overlay,458,202684428,Chandrakeerthi jain,Chandrakeerthi jain,9008240806,9008240806,,,stb_or_code,,,,0.00,-270.00,,,,,,due 0.00→-270.00; name 'Chandrakeerthi jain'→'Chandrakeerthi jain'; phone 9008240806→9008240806
customer,overlay,460,203238392,Yogishanna,Yogishanna,9448175143,9448175143,,,stb_or_code,,,,2336.00,1514.00,,,,,,due 2336.00→1514.00; name 'Yogishanna'→'Yogishanna'; phone 9448175143→9448175143
customer,overlay,462,203963929,Sharadamma Rm,Sharadamma Rm,7019155894,7019155894,,,stb_or_code,,,,500.00,750.00,,,,,,due 500.00→750.00; name 'Sharadamma Rm'→'Sharadamma Rm'; phone 7019155894→7019155894
customer,overlay,465,202684220,Somashekar,Somashekar,9964828283,9964828283,,,stb_or_code,,,,0.00,270.00,,,,,,due 0.00→270.00; name 'Somashekar'→'Somashekar'; phone 9964828283→9964828283
customer,overlay,466,202684406,Rajashekar,Rajashekar,8746859005,8746859005,,,stb_or_code,,,,3190.00,3560.00,,,,,,due 3190.00→3560.00; name 'Rajashekar'→'Rajashekar'; phone 8746859005→8746859005
customer,overlay,467,203348795,Raju Tea Hotel,Raju Tea Hotel,9481612848,9481612848,,,stb_or_code,,,,5880.00,5070.00,,,,,,due 5880.00→5070.00; name 'Raju Tea Hotel'→'Raju Tea Hotel'; phone 9481612848→9481612848
customer,overlay,468,202684054,Manjunath,Manjunath,9844080489,9844080489,,,stb_or_code,,,,0.00,280.00,,,,,,due 0.00→280.00; name 'Manjunath'→'Manjunath'; phone 9844080489→9844080489
customer,overlay,471,202684094,Shukrulla sharif,Shukrulla sharif,7892620234,7892620234,,,stb_or_code,,,,900.80,201.00,,,,,,due 900.80→201.00; name 'Shukrulla sharif'→'Shukrulla sharif'; phone 7892620234→7892620234
customer,overlay,474,202684186,Prasanna,Prasanna,9743139118,9743139118,,,stb_or_code,,,,250.00,500.00,,,,,,due 250.00→500.00; name 'Prasanna'→'Prasanna'; phone 9743139118→9743139118
customer,overlay,475,202684248,Nagaraju (Kara),Nagaraju Kara,7019529233,7019529233,,,stb_or_code,,,,0.00,0.00,,,,,,due 0.00→0.00; name 'Nagaraju (Kara)'→'Nagaraju Kara'; phone 7019529233→7019529233
customer,overlay,476,202684262,Gangadhar,Gangadhar,9448427733,9448427733,,,stb_or_code,,,,0.00,340.00,,,,,railtel:983:KA.SHASHIDHARG,due 0.00→340.00; name 'Gangadhar'→'Gangadhar'; phone 9448427733→9448427733
customer,overlay,478,202684281,Roopa,Roopa,9902226341,9902226341,,,stb_or_code,,,,-20.00,-60.00,,,,,,due -20.00→-60.00; name 'Roopa'→'Roopa'; phone 9902226341→9902226341
customer,overlay,481,202684351,Srinivas (Balaji textile),Srinivas Balaji textile,9844301066,9844301066,,,stb_or_code,,,,750.00,1750.00,,,,,,due 750.00→1750.00; name 'Srinivas (Balaji textile)'→'Srinivas Balaji textile'; phone 9844301066→9844301066
customer,overlay,483,202684437,Gangadhar SR,Gangadhar SR,9740572501,9740572501,,,stb_or_code,,,,0.00,300.00,,,,,,due 0.00→300.00; name 'Gangadhar SR'→'Gangadhar SR'; phone 9740572501→9740572501
customer,overlay,484,202684470,Annaya babu,Annaya babu,9844336808,9844336808,,,stb_or_code,,,,380.00,0.00,,,,,,due 380.00→0.00; name 'Annaya babu'→'Annaya babu'; phone 9844336808→9844336808
customer,overlay,487,202824114,Azeez,Azeez,9590932079,9590932079,,,stb_or_code,,,,2450.00,1050.00,,,,,,due 2450.00→1050.00; name 'Azeez'→'Azeez'; phone 9590932079→9590932079
customer,overlay,488,203100463,Jeelan,Jeelan,9686558242,9686558242,,,stb_or_code,,,,3425.00,6620.00,,,,,,due 3425.00→6620.00; name 'Jeelan'→'Jeelan'; phone 9686558242→9686558242
customer,overlay,489,203776118,Ashwin,Ashwin,9663092317,9663092317,,,stb_or_code,,,,2050.00,650.00,,,,,,due 2050.00→650.00; name 'Ashwin'→'Ashwin'; phone 9663092317→9663092317
customer,overlay,490,203916532,Sunil,Sunil,9738781278,9738781278,,,stb_or_code,,,,3000.00,0.00,,,,,railtel:775:KA.MANJUSHREE12; iptv:1203:9738781278; ott:1214:9738781278,due 3000.00→0.00; name 'Sunil'→'Sunil'; phone 9738781278→9738781278
customer,overlay,491,204084795,Deepu,Deepu,9901187078,9901187078,,,stb_or_code,,,,0.00,-250.00,,,,,,due 0.00→-250.00; name 'Deepu'→'Deepu'; phone 9901187078→9901187078
customer,overlay,494,202684096,Bagepalli Jewellers,Bagepalli Jewellers,9448533060,9448533060,,,stb_or_code,,,,-10.00,0.00,,,,,,due -10.00→0.00; name 'Bagepalli Jewellers'→'Bagepalli Jewellers'; phone 9448533060→9448533060
customer,overlay,498,202684251,Chandrashekar,Chandrashekar,9632801783,9632801783,,,stb_or_code,,,,490.00,-10.00,,,,,,due 490.00→-10.00; name 'Chandrashekar'→'Chandrashekar'; phone 9632801783→9632801783
customer,overlay,499,202684267,Balaji,Balaji,8088999836,8088999836,,,stb_or_code,,,,1550.00,0.00,,,,,,due 1550.00→0.00; name 'Balaji'→'Balaji'; phone 8088999836→8088999836
customer,overlay,506,203146164,Babanna SK,Babanna SK,9741485592,9741485592,,,stb_or_code,,,,620.00,0.00,,,,,,due 620.00→0.00; name 'Babanna SK'→'Babanna SK'; phone 9741485592→9741485592
customer,overlay,507,204013114,Mohan.gold,Mohan gold,9964732038,9964732038,,,stb_or_code,,,,0.00,-400.00,,,,,,due 0.00→-400.00; name 'Mohan.gold'→'Mohan gold'; phone 9964732038→9964732038
customer,overlay,508,202684050,Ananda,Ananda,8147220238,8147220238,,,stb_or_code,,,,1470.00,1200.00,,,,,,due 1470.00→1200.00; name 'Ananda'→'Ananda'; phone 8147220238→8147220238
customer,overlay,512,202907516,Radamma,Radamma,7760404837,7760404837,,,stb_or_code,,,,2350.00,1270.00,,,,,,due 2350.00→1270.00; name 'Radamma'→'Radamma'; phone 7760404837→7760404837
customer,overlay,513,203854141,Geetha,Geetha,8431055974,8431055974,,,stb_or_code,,,,250.00,0.00,,,,,,due 250.00→0.00; name 'Geetha'→'Geetha'; phone 8431055974→8431055974
customer,overlay,514,204110540,Manjunath tr,Manjunath tr,6363108475,6363108475,,,stb_or_code,,,,640.00,280.00,,,,,,due 640.00→280.00; name 'Manjunath tr'→'Manjunath tr'; phone 6363108475→6363108475
customer,overlay,515,204157112,Chandramma SB,Chandramma SB,7899383404,7899383404,,,stb_or_code,,,,280.00,-30.00,,,,,,due 280.00→-30.00; name 'Chandramma SB'→'Chandramma SB'; phone 7899383404→7899383404
customer,overlay,516,202710347,Venkateswara Printers,Venkateswara Printers,9448938160,9448938160,,,stb_or_code,,,,270.00,0.00,,,,,railtel:689:KA.BHARATHEESHA,due 270.00→0.00; name 'Venkateswara Printers'→'Venkateswara Printers'; phone 9448938160→9448938160
customer,overlay,518,SVP-3,"Bedarelingappa Hospital, (SVP-3)",Bedarelingappa Hospital SVP,7411964484,7411964484,,,stb_or_code,,,,1050.00,780.00,,,,,,"due 1050.00→780.00; name 'Bedarelingappa Hospital, (SVP-3)'→'Bedarelingappa Hospital SVP'; phone 7411964484→7411964484"
customer,overlay,520,SVP-5,"Manoj, (SVP-5)",Manoj SVP,9113278282,9113278282,,,stb_or_code,,,,0.00,0.00,,,,,,"due 0.00→0.00; name 'Manoj, (SVP-5)'→'Manoj SVP'; phone 9113278282→9113278282"
customer,overlay,523,SVP-9,"Mithun, (SVP-9)",Mithun SVP,9880248442,9880248442,,,stb_or_code,,,,550.00,1250.00,,,,,,"due 550.00→1250.00; name 'Mithun, (SVP-9)'→'Mithun SVP'; phone 9880248442→9880248442"
customer,overlay,524,SVP-10,"Kumar (Vegetable), (SVP-10)",Kumar Vegetable SVP,8867606438,8867606438,,,stb_or_code,,,,1410.00,2360.00,,,,,,"due 1410.00→2360.00; name 'Kumar (Vegetable), (SVP-10)'→'Kumar Vegetable SVP'; phone 8867606438→8867606438"
customer,overlay,527,202684103,Skanda Hair Dresses,Skanda Hair Dresses,8095454177,8095454177,,,stb_or_code,,,,770.00,1810.00,,,,,,due 770.00→1810.00; name 'Skanda Hair Dresses'→'Skanda Hair Dresses'; phone 8095454177→8095454177
customer,overlay,528,202701169,NP Set,NP Set,9986441081,9986441081,,,stb_or_code,,,,200.00,195.00,,,,,,due 200.00→195.00; name 'NP Set'→'NP Set'; phone 9986441081→9986441081
customer,overlay,531,202684092,Prathap (VT),Prathap VT,8296655086,8296655086,,,stb_or_code,,,,0.00,0.00,,,,,,due 0.00→0.00; name 'Prathap (VT)'→'Prathap VT'; phone 8296655086→8296655086
customer,overlay,532,202684140,Suresh (Paper),Suresh Paper,9880184707,9880184707,,,stb_or_code,,,,270.00,0.00,,,,,,due 270.00→0.00; name 'Suresh (Paper)'→'Suresh Paper'; phone 9880184707→9880184707
customer,overlay,533,202684249,Shanmuk,Shanmuk,9448372153,9448372153,,,stb_or_code,,,,17022.90,14669.40,,,,,railtel:669:KA.SHANMUKHAMP,due 17022.90→14669.40; name 'Shanmuk'→'Shanmuk'; phone 9448372153→9448372153
customer,overlay,535,202684312,Shankarachar,Shankarachar,9449302261,9449302261,,,stb_or_code,,,,590.00,10.00,,,,,,due 590.00→10.00; name 'Shankarachar'→'Shankarachar'; phone 9449302261→9449302261
customer,overlay,538,202684412,Rakesh Chandra,Rakesh Chandra,9449732799,9449732799,,,stb_or_code,,,,810.00,-270.00,,,,,railtel:755:KA.RAKESHCHANDRA,due 810.00→-270.00; name 'Rakesh Chandra'→'Rakesh Chandra'; phone 9449732799→9449732799
customer,overlay,540,202684420,Anandbabu,Anandbabu,9844081383,9844081383,,,stb_or_code,,,,5200.00,0.00,,,,,railtel:670:KA.SRILAKSHMISR,due 5200.00→0.00; name 'Anandbabu'→'Anandbabu'; phone 9844081383→9844081383
customer,overlay,543,202701185,SK Umesh,SK Umesh,9844416752,9844416752,,,stb_or_code,,,,787.80,393.80,,,,,,due 787.80→393.80; name 'SK Umesh'→'SK Umesh'; phone 9844416752→9844416752
customer,overlay,544,202701224,Chandranna (Milk),Chandranna Milk,9341095250,9341095250,,,stb_or_code,,,,0.00,270.00,,,,,,due 0.00→270.00; name 'Chandranna (Milk)'→'Chandranna Milk'; phone 9341095250→9341095250
customer,overlay,550,202867974,Sagar,Sagar,9986781259,9986781259,,,stb_or_code,,,,23900.00,22660.00,,,,,,due 23900.00→22660.00; name 'Sagar'→'Sagar'; phone 9986781259→9986781259
customer,overlay,551,203133070,Vinayak prasad,Vinayak prasad,9448574086,9448574086,,,stb_or_code,,,,3030.00,2070.00,,,,,,due 3030.00→2070.00; name 'Vinayak prasad'→'Vinayak prasad'; phone 9448574086→9448574086
customer,overlay,552,202701195,Sadanna (Node),Sadanna Node,9739495732,9739495732,,,stb_or_code,,,,6750.00,1350.00,,,,,,due 6750.00→1350.00; name 'Sadanna (Node)'→'Sadanna Node'; phone 9739495732→9739495732
customer,overlay,553,202684427,Node,Node Free,,,,,stb_or_code,,,,3780.00,3780.00,,,,,,due 3780.00→3780.00; name 'Node'→'Node Free'; phone —→—
customer,overlay,555,KT-60,Girish,Girish,9481859555,9481859555,,,stb_or_code,,,,540.00,1080.00,,,,,,due 540.00→1080.00; name 'Girish'→'Girish'; phone 9481859555→9481859555
customer,overlay,557,202958891,Sujaram,Sujaram,9739695764,9739695764,,,stb_or_code,,,,700.00,350.00,,,,,,due 700.00→350.00; name 'Sujaram'→'Sujaram'; phone 9739695764→9739695764
customer,overlay,559,202701197,Chandan (Tailor),Chandan Tailor,9844070649,9844070649,,,stb_or_code,,,,648.32,650.00,,,,,,due 648.32→650.00; name 'Chandan (Tailor)'→'Chandan Tailor'; phone 9844070649→9844070649
customer,overlay,561,204544447,Nanda,Nanda,7090040070,7090040070,,,stb_or_code,,,,300.00,-300.00,,,,,,due 300.00→-300.00; name 'Nanda'→'Nanda'; phone 7090040070→7090040070
customer,overlay,565,204652297,Kishor CG,Kishor,9844145632,9844145632,,,stb_or_code,,,,800.00,0.00,,,,,,due 800.00→0.00; name 'Kishor CG'→'Kishor'; phone 9844145632→9844145632
customer,overlay,888,202684460,UNITY TRANSPORTS  GT,Unity Transport,9448747274,9448747274,,,stb_or_code,,,,8675.88,0.00,,,,,railtel:958:KA.IMRANPASHA,due 8675.88→0.00; name 'UNITY TRANSPORTS  GT'→'Unity Transport'; phone 9448747274→9448747274
customer,overlay,894,202684450,Veda Teacher,Veda Teacher,9480711760,9480711760,,,stb_or_code,,,,1620.00,1350.00,,,,,railtel:964:KA.VEDHATEACHER,due 1620.00→1350.00; name 'Veda Teacher'→'Veda Teacher'; phone 9480711760→9480711760
review,overlay_held,999,DP-29,"Giricharan, (DP-29)",Ashok Provision,9844775351,,,,name_clash,,,,2480.00,660.00,,,,,,"Mobize name 'Ashok Provision' does not match 'Giricharan, (DP-29)'. Due would move 2480.00→660.00. Not applied."
customer,overlay,1107,202684128,Lokanna  CN,Lokanna CN,9880636423,9880636423,,,stb_or_code,,,,0.00,380.00,,,,,,due 0.00→380.00; name 'Lokanna  CN'→'Lokanna CN'; phone 9880636423→9880636423
customer,overlay,1109,202684376,Raju (anni),Raju anni,9844254897,9844254897,,,stb_or_code,,,,1900.00,1520.00,,,,,,due 1900.00→1520.00; name 'Raju (anni)'→'Raju anni'; phone 9844254897→9844254897
customer,overlay,1113,BA-2,"Dinesha (Ramdev), (BA-2)",Dinesha Ramdev BA,9844242483,9844242483,,,stb_or_code,,,,400.00,0.00,,,,,,"due 400.00→0.00; name 'Dinesha (Ramdev), (BA-2)'→'Dinesha Ramdev BA'; phone 9844242483→9844242483"
customer,overlay,1114,202739677,Ramesh BA,Ramesh BA,9742635951,9742635951,,,stb_or_code,,,,760.00,790.00,,,,,,due 760.00→790.00; name 'Ramesh BA'→'Ramesh BA'; phone 9742635951→9742635951
customer,overlay,1115,BA-13,"Bharath (Hotel), (BA-13)",Bharath Hotel BA,9901966868,9901966868,,,stb_or_code,,,,0.00,0.00,,,,,,"due 0.00→0.00; name 'Bharath (Hotel), (BA-13)'→'Bharath Hotel BA'; phone 9901966868→9901966868"
customer,overlay,1118,CB-2,"Bharath Bushan, (CB-2)",Bharath Bushan CB,9343210041,9343210041,,,stb_or_code,,,,-8.64,-8.64,,,,,,"due -8.64→-8.64; name 'Bharath Bushan, (CB-2)'→'Bharath Bushan CB'; phone 9343210041→9343210041"
customer,overlay,1119,CG-2,"Shivananda Swamy, (CG-2)",Shivananda Swamy CG,7760874650,7760874650,,,stb_or_code,,,,540.00,810.00,,,,,,"due 540.00→810.00; name 'Shivananda Swamy, (CG-2)'→'Shivananda Swamy CG'; phone 7760874650→7760874650"
customer,overlay,1120,CG-5,"Nataraj, (CG-5)",Nataraj CG,9632440530,9632440530,,,stb_or_code,,,,0.00,1200.00,,,,,,"due 0.00→1200.00; name 'Nataraj, (CG-5)'→'Nataraj CG'; phone 9632440530→9632440530"
customer,overlay,1122,CN-21,"Sowmya, (CN-21)",Sowmya CN,9590063985,9590063985,,,stb_or_code,,,,270.00,0.00,,,,,,"due 270.00→0.00; name 'Sowmya, (CN-21)'→'Sowmya CN'; phone 9590063985→9590063985"
customer,overlay,1124,DP-19,"Shilpa Auto Links, (DP-19)",Shilpa Auto Links DP,9448326966,9448326966,,,stb_or_code,,,,1900.00,0.00,,,,,,"due 1900.00→0.00; name 'Shilpa Auto Links, (DP-19)'→'Shilpa Auto Links DP'; phone 9448326966→9448326966"
customer,overlay,1128,KG-2,"Yateesh, (KG-2)",Yateesh KG,9019858388,9019858388,,,stb_or_code,,,,1000.00,1000.00,,,,,,"due 1000.00→1000.00; name 'Yateesh, (KG-2)'→'Yateesh KG'; phone 9019858388→9019858388"
customer,overlay,1129,KT-29,"ShivaShankar, (KT-29)",ShivaShankar KT,9945424929,9945424929,,,stb_or_code,,,,4730.00,4460.00,,,,,,"due 4730.00→4460.00; name 'ShivaShankar, (KT-29)'→'ShivaShankar KT'; phone 9945424929→9945424929"
customer,overlay,1130,MC-11,"Nagaraju, (MC-11)",Nagaraju MC,9113070195,9113070195,,,stb_or_code,,,,-10.00,-280.00,,,,,,"due -10.00→-280.00; name 'Nagaraju, (MC-11)'→'Nagaraju MC'; phone 9113070195→9113070195"
customer,overlay,1131,MST-4,"Gunashekar, (MST-4)",Gunashekar MST,9886932245,9886932245,,,stb_or_code,,,,1319.24,958.74,,,,,,"due 1319.24→958.74; name 'Gunashekar, (MST-4)'→'Gunashekar MST'; phone 9886932245→9886932245"
customer,overlay,1132,MST-7,"Jagadish, (MST-7)",Jagadish MST,9986601243,9986601243,,,stb_or_code,,,,0.00,-310.00,,,,,,"due 0.00→-310.00; name 'Jagadish, (MST-7)'→'Jagadish MST'; phone 9986601243→9986601243"
customer,overlay,1135,PT-1,"Ravindranatha Gupta, (PT-1)",Ravindranatha Gupta PT,9901122622,9901122622,,,stb_or_code,,,,0.00,-620.00,,,,,,"due 0.00→-620.00; name 'Ravindranatha Gupta, (PT-1)'→'Ravindranatha Gupta PT'; phone 9901122622→9901122622"
customer,overlay,1136,PT-2,"Manjunath C. B, (PT-2)",Manjunath C B PT,8710924191,8710924191,,,stb_or_code,,,,1169.68,1417.00,,,,,,"due 1169.68→1417.00; name 'Manjunath C. B, (PT-2)'→'Manjunath C B PT'; phone 8710924191→8710924191"
customer,overlay,1137,PT-5,"Harish (Milk), (PT-5)",Harish Milk PT,9448979517,9448979517,,,stb_or_code,,,,540.00,270.00,,,,,,"due 540.00→270.00; name 'Harish (Milk), (PT-5)'→'Harish Milk PT'; phone 9448979517→9448979517"
customer,overlay,1138,PT-6,"Rafeeq (Fruit), (PT-6)",Rafeeq Fruit,7676384210,7676384210,,,stb_or_code,,,,1500.00,300.00,,,,,,"due 1500.00→300.00; name 'Rafeeq (Fruit), (PT-6)'→'Rafeeq Fruit'; phone 7676384210→7676384210"
customer,overlay,1139,RS-8,"Jenukal Hospital, (RS-8)",Jenukal Hospital RS,9448238094,9448238094,,,stb_or_code,,,,0.00,-4100.00,,,,,,"due 0.00→-4100.00; name 'Jenukal Hospital, (RS-8)'→'Jenukal Hospital RS'; phone 9448238094→9448238094"
customer,overlay,1140,SK-4,"Murgeshanna, (SK-4)",Murgeshanna SK,9964182604,9964182604,,,stb_or_code,,,,2830.00,2830.00,,,,,,"due 2830.00→2830.00; name 'Murgeshanna, (SK-4)'→'Murgeshanna SK'; phone 9964182604→9964182604"
customer,overlay,1210,AJ-66,"Ramesh Jingade, (AJ-66)",Ramesh Jingade AJ,9886757300,9886757300,,,stb_or_code,,,,1465.00,2195.00,,,,,,"due 1465.00→2195.00; name 'Ramesh Jingade, (AJ-66)'→'Ramesh Jingade AJ'; phone 9886757300→9886757300"
customer,overlay,1211,BA-23,"Bhavar Lal, (BA-23)",Bhavar Lal BA,8660756523,8660756523,,,stb_or_code,,,,350.00,350.00,,,,,,"due 350.00→350.00; name 'Bhavar Lal, (BA-23)'→'Bhavar Lal BA'; phone 8660756523→8660756523"
customer,overlay,1212,BA-22,"Meenakshi, (BA-22)",Meenakshi BA,8722502268,8722502268,,,stb_or_code,,,,400.00,1000.00,,,,,,"due 400.00→1000.00; name 'Meenakshi, (BA-22)'→'Meenakshi BA'; phone 8722502268→8722502268"
customer,overlay,1217,BS-3,"Mahalakshmi Metal Stores, (BS-3)",Mahalakshmi Metal Stores BS,9620336140,9620336140,,,stb_or_code,,,,2250.00,3750.00,,,,,,"due 2250.00→3750.00; name 'Mahalakshmi Metal Stores, (BS-3)'→'Mahalakshmi Metal Stores BS'; phone 9620336140→9620336140"
customer,overlay,1218,CB-54,"Kantaraju (Gold Smith), (CB-54)",Kantaraju Gold Smith CB,9886450016,9886450016,,,stb_or_code,,,,0.00,0.00,,,,,,"due 0.00→0.00; name 'Kantaraju (Gold Smith), (CB-54)'→'Kantaraju Gold Smith CB'; phone 9886450016→9886450016"
customer,overlay,1219,CB-77,"Sarthvalli Suresh, (CB-77)",Sarthvalli Suresh CB,9964169144,9964169144,,,stb_or_code,,,,0.00,0.00,,,,,,"due 0.00→0.00; name 'Sarthvalli Suresh, (CB-77)'→'Sarthvalli Suresh CB'; phone 9964169144→9964169144"
customer,overlay,1221,GO-CN-13,"B. S Babu, (GO-CN-13)",B S Babu GO CN,9844107078,9844107078,,,stb_or_code,,,,0.00,0.00,,,,,,"due 0.00→0.00; name 'B. S Babu, (GO-CN-13)'→'B S Babu GO CN'; phone 9844107078→9844107078"
customer,overlay,1222,GO-CN-24,"Gopanna, (GO-CN-24)",Gopanna GO CN,9844582635,9844582635,,,stb_or_code,,,,0.00,-1300.00,,,,,,"due 0.00→-1300.00; name 'Gopanna, (GO-CN-24)'→'Gopanna GO CN'; phone 9844582635→9844582635"
customer,overlay,1223,GO-CN-62,"Naganna, (GO-CN-62)",Naganna GO CN,9448892332,9448892332,,,stb_or_code,,,,160.00,160.00,,,,,,"due 160.00→160.00; name 'Naganna, (GO-CN-62)'→'Naganna GO CN'; phone 9448892332→9448892332"
customer,overlay,1224,GO-CN-52,"Paniraj, (GO-CN-52)",Paniraj GO CN,9343210005,9343210005,,,stb_or_code,,,,0.00,0.00,,,,,,"due 0.00→0.00; name 'Paniraj, (GO-CN-52)'→'Paniraj GO CN'; phone 9343210005→9343210005"
customer,overlay,1225,CN-6,"Kumar (Auto), (CN-6)",Kumar Auto CN,9686830344,9686830344,,,stb_or_code,,,,270.00,0.00,,,,,,"due 270.00→0.00; name 'Kumar (Auto), (CN-6)'→'Kumar Auto CN'; phone 9686830344→9686830344"
customer,overlay,1226,GO-CN-20,"Ashwat Narayan, (GO-CN-20)",Ashwat Narayan GO CN,9743211015,9743211015,,,stb_or_code,,,,310.00,310.00,,,,,,"due 310.00→310.00; name 'Ashwat Narayan, (GO-CN-20)'→'Ashwat Narayan GO CN'; phone 9743211015→9743211015"
customer,overlay,1228,GO-CN-3,"Nagendra kumar, (GO-CN-3)",Nagendra kumar GO CN,9916620157,9916620157,,,stb_or_code,,,,270.00,0.00,,,,,,"due 270.00→0.00; name 'Nagendra kumar, (GO-CN-3)'→'Nagendra kumar GO CN'; phone 9916620157→9916620157"
customer,overlay,1229,GO-CN-32,"Manjanna, (GO-CN-32)",Manjanna GO CN,8618169701,8618169701,,,stb_or_code,,,,0.00,0.00,,,,,,"due 0.00→0.00; name 'Manjanna, (GO-CN-32)'→'Manjanna GO CN'; phone 8618169701→8618169701"
customer,overlay,1230,CN-150,"Sujatha Raju, (CN-150)",Sujatha Raju CN,9620648126,9620648126,,,stb_or_code,,,,6500.00,-320.00,,,,,,"due 6500.00→-320.00; name 'Sujatha Raju, (CN-150)'→'Sujatha Raju CN'; phone 9620648126→9620648126"
customer,overlay,1231,GO-CN-51,"Anayya, (GO-CN-51)",Anayya GO CN,9964509923,9964509923,,,stb_or_code,,,,0.00,0.00,,,,,,"due 0.00→0.00; name 'Anayya, (GO-CN-51)'→'Anayya GO CN'; phone 9964509923→9964509923"
customer,overlay,1232,GO-CN-10,"Kishore, (GO-CN-10)",Kishore GO CN,9844574053,9844574053,,,stb_or_code,,,,0.00,40.00,,,,,,"due 0.00→40.00; name 'Kishore, (GO-CN-10)'→'Kishore GO CN'; phone 9844574053→9844574053"
customer,overlay,1233,GO-CN-9,"Uncle raju, (GO-CN-9)",Uncle raju GO CN,9964002785,9964002785,,,stb_or_code,,,,320.00,50.00,,,,,,"due 320.00→50.00; name 'Uncle raju, (GO-CN-9)'→'Uncle raju GO CN'; phone 9964002785→9964002785"
customer,overlay,1235,CN-156,"Venkatesh (Welding), (CN-156)",Venkatesh Welding CN,9880855838,9880855838,,,stb_or_code,,,,244.42,244.42,,,,,,"due 244.42→244.42; name 'Venkatesh (Welding), (CN-156)'→'Venkatesh Welding CN'; phone 9880855838→9880855838"
customer,overlay,1236,CN-4,"T. S Mohan, (CN-4)",T S Mohan CN,8217078282,8217078282,,,stb_or_code,,,,0.00,0.00,,,,,,"due 0.00→0.00; name 'T. S Mohan, (CN-4)'→'T S Mohan CN'; phone 8217078282→8217078282"
customer,overlay,1245,GO-CN-2,"Pooja traders, (GO-CN-2)",Pooja traders,9482154308,9482154308,,,stb_or_code,,,,3750.00,0.00,,,,,,"due 3750.00→0.00; name 'Pooja traders, (GO-CN-2)'→'Pooja traders'; phone 9482154308→9482154308"
customer,overlay,1246,GO-DP-22,"Manikanta jewelers, (GO-DP-22)",Manikanta jewelers GO DP,9945844813,9945844813,,,stb_or_code,,,,0.00,0.00,,,,,,"due 0.00→0.00; name 'Manikanta jewelers, (GO-DP-22)'→'Manikanta jewelers GO DP'; phone 9945844813→9945844813"
customer,overlay,1247,GO-DP-24,"Gowramma, (GO-DP-24)",Gowramma GO DP,8951439529,8951439529,,,stb_or_code,,,,0.00,0.00,,,,,,"due 0.00→0.00; name 'Gowramma, (GO-DP-24)'→'Gowramma GO DP'; phone 8951439529→8951439529"
customer,overlay,1248,DP-53,"Suresh, (DP-53)",Suresh DP,8884087707,8884087707,,,stb_or_code,,,,2560.00,2250.00,,,,,,"due 2560.00→2250.00; name 'Suresh, (DP-53)'→'Suresh DP'; phone 8884087707→8884087707"
customer,overlay,1249,GO-GR-10,"Manju (tea), (GO-GR-10)",Manju tea GO GR,9945399003,9945399003,,,stb_or_code,,,,700.00,700.00,,,,,,"due 700.00→700.00; name 'Manju (tea), (GO-GR-10)'→'Manju tea GO GR'; phone 9945399003→9945399003"
customer,overlay,1252,GO-VT-13,"Lingaraju, (GO-VT-13)",Lingaraju GO VT,9742670581,9742670581,,,stb_or_code,,,,250.00,-250.00,,,,,,"due 250.00→-250.00; name 'Lingaraju, (GO-VT-13)'→'Lingaraju GO VT'; phone 9742670581→9742670581"
customer,overlay,1253,HO-98,"Sridhar, (HO-98)",Sridhar HO,9844390240,9844390240,,,stb_or_code,,,,0.00,0.00,,,,,,"due 0.00→0.00; name 'Sridhar, (HO-98)'→'Sridhar HO'; phone 9844390240→9844390240"
customer,overlay,1254,HO-129,"Renukamba provision store, (HO-129)",Renukamba provision store HO,9480627551,9480627551,,,stb_or_code,,,,0.00,380.00,,,,,,"due 0.00→380.00; name 'Renukamba provision store, (HO-129)'→'Renukamba provision store HO'; phone 9480627551→9480627551"
customer,overlay,1255,RT-67,"Kavitha, (RT-67)",Kavitha RT,9844162730,9844162730,,,stb_or_code,,,,1420.00,1690.00,,,,,,"due 1420.00→1690.00; name 'Kavitha, (RT-67)'→'Kavitha RT'; phone 9844162730→9844162730"
customer,overlay,1256,HO-99,"Satyanarayan, (HO-99)",Satyanarayan HO,8310065946,8310065946,,,stb_or_code,,,,310.00,0.00,,,,,,"due 310.00→0.00; name 'Satyanarayan, (HO-99)'→'Satyanarayan HO'; phone 8310065946→8310065946"
customer,overlay,1257,KG-14,"Ganganna (Provision store), (KG-14)",Ganganna Provision store KG,9844121151,9844121151,,,stb_or_code,,,,0.00,270.00,,,,,,"due 0.00→270.00; name 'Ganganna (Provision store), (KG-14)'→'Ganganna Provision store KG'; phone 9844121151→9844121151"
customer,overlay,1258,HOME-2,Devatha garments home-2,Devatha garments home,9036603145,9036603145,,,stb_or_code,,,,-1000.00,11000.00,,,,,,due -1000.00→11000.00; name 'Devatha garments home-2'→'Devatha garments home'; phone 9036603145→9036603145
customer,overlay,1259,KK-18,"Praveen (Kum kum), (KK-18)",Praveen Kum kum KK,9986222333,9986222333,,,stb_or_code,,,,270.00,270.00,,,,,,"due 270.00→270.00; name 'Praveen (Kum kum), (KK-18)'→'Praveen Kum kum KK'; phone 9986222333→9986222333"
customer,overlay,1260,KK-19,"Shashi Kumar, (KK-19)",Shashi Kumar KK,9972448126,9972448126,,,stb_or_code,,,,2590.00,2090.00,,,,,,"due 2590.00→2090.00; name 'Shashi Kumar, (KK-19)'→'Shashi Kumar KK'; phone 9972448126→9972448126"
customer,overlay,1262,GO-KO-19,"Arjun, (GO-KO-19)",Arjun GO KO,9972566568,9972566568,,,stb_or_code,,,,3430.00,3120.00,,,,,,"due 3430.00→3120.00; name 'Arjun, (GO-KO-19)'→'Arjun GO KO'; phone 9972566568→9972566568"
customer,overlay,1263,GO-KO-29,"Rangamma, (GO-KO-29)",Rangamma GO KO,7483077224,7483077224,,,stb_or_code,,,,310.00,610.00,,,,,,"due 310.00→610.00; name 'Rangamma, (GO-KO-29)'→'Rangamma GO KO'; phone 7483077224→7483077224"
customer,overlay,1264,GO-KO-1,"Bhagyamma, (GO-KO-1)",Bhagyamma GO KO,9141476092,9141476092,,,stb_or_code,,,,0.00,270.00,,,,,,"due 0.00→270.00; name 'Bhagyamma, (GO-KO-1)'→'Bhagyamma GO KO'; phone 9141476092→9141476092"
customer,overlay,1265,GO-KO-36,"Ganganna, (GO-KO-36)",Ganganna GO KO,9980964532,9980964532,,,stb_or_code,,,,750.00,250.00,,,,,,"due 750.00→250.00; name 'Ganganna, (GO-KO-36)'→'Ganganna GO KO'; phone 9980964532→9980964532"
customer,overlay,1266,LB-15,"Sharif (Biriyani), (Lb-15)",Sharif Biriyani Lb,8970304242,8970304242,,,stb_or_code,,,,700.00,1100.00,,,,,,"due 700.00→1100.00; name 'Sharif (Biriyani), (Lb-15)'→'Sharif Biriyani Lb'; phone 8970304242→8970304242"
customer,overlay,1267,MAG-4,"Siri, (MAG-4)",Siri MAG,9844080849,9844080849,,,stb_or_code,,,,0.00,-220.00,,,,,,"due 0.00→-220.00; name 'Siri, (MAG-4)'→'Siri MAG'; phone 9844080849→9844080849"
customer,overlay,1270,MC-34,"Chandan singh, (MC-34)",Chandan singh MC,9448297630,9448297630,,,stb_or_code,,,,8130.00,6550.00,,,,,,"due 8130.00→6550.00; name 'Chandan singh, (MC-34)'→'Chandan singh MC'; phone 9448297630→9448297630"
customer,overlay,1271,GO-MC-12,"Gangadhar (veg), (GO-MC-12)",Gangadhar veg GO MC,9886643733,9886643733,,,stb_or_code,,,,-810.00,-1080.00,,,,,,"due -810.00→-1080.00; name 'Gangadhar (veg), (GO-MC-12)'→'Gangadhar veg GO MC'; phone 9886643733→9886643733"
customer,overlay,1272,MC-32,Kishan (MC-32),Kishan MC,7892038749,7892038749,,,stb_or_code,,,,740.00,370.00,,,,,,due 740.00→370.00; name 'Kishan (MC-32)'→'Kishan MC'; phone 7892038749→7892038749
customer,overlay,1273,GO-MC-10,"Kiran traders, (GO-MC-10)",Kiran traders GO MC,9980092420,9980092420,,,stb_or_code,,,,6036.30,4024.20,,,,,,"due 6036.30→4024.20; name 'Kiran traders, (GO-MC-10)'→'Kiran traders GO MC'; phone 9980092420→9980092420"
customer,overlay,1274,GO-MC-8,"Prakash (veg), (GO-MC-8)",Prakash veg GO MC,9844118194,9844118194,,,stb_or_code,,,,380.00,-380.00,,,,,,"due 380.00→-380.00; name 'Prakash (veg), (GO-MC-8)'→'Prakash veg GO MC'; phone 9844118194→9844118194"
customer,overlay,1275,GO-MC-13,"Parvathi, (GO-MC-13)",Parvathi GO MC,9141664585,9141664585,,,stb_or_code,,,,0.00,0.00,,,,,,"due 0.00→0.00; name 'Parvathi, (GO-MC-13)'→'Parvathi GO MC'; phone 9141664585→9141664585"
customer,overlay,1278,MC-22,"Akshaya bekery, (MC-22)",Akshaya bekery MC,9483091762,9483091762,,,stb_or_code,,,,1620.00,1620.00,,,,,,"due 1620.00→1620.00; name 'Akshaya bekery, (MC-22)'→'Akshaya bekery MC'; phone 9483091762→9483091762"
customer,overlay,1279,MST-6,"Babanna Flower, (MST-6)",Babanna Flower MST,8867847628,8867847628,,,stb_or_code,,,,620.00,930.00,,,,,,"due 620.00→930.00; name 'Babanna Flower, (MST-6)'→'Babanna Flower MST'; phone 8867847628→8867847628"
customer,overlay,1280,MST-10,"Prashanth, (MST-10)",Prashanth MST,9620871941,9620871941,,,stb_or_code,,,,0.00,310.00,,,,,,"due 0.00→310.00; name 'Prashanth, (MST-10)'→'Prashanth MST'; phone 9620871941→9620871941"
customer,overlay,1281,MST-34,"Ananda (Plumber), (MST-34)",Ananda Plumber MST,9538564302,9538564302,,,stb_or_code,,,,0.00,0.00,,,,,,"due 0.00→0.00; name 'Ananda (Plumber), (MST-34)'→'Ananda Plumber MST'; phone 9538564302→9538564302"
customer,overlay,1282,MST-33,"Rajesh, (MST-33)",Rajesh MST,9535489787,9535489787,,,stb_or_code,,,,0.00,0.00,,,,,,"due 0.00→0.00; name 'Rajesh, (MST-33)'→'Rajesh MST'; phone 9535489787→9535489787"
customer,overlay,1283,GO-MS-1,"MAnjunathachar, (GO-MS-1)",MAnjunathachar GO MS,9880642273,9880642273,,,stb_or_code,,,,270.00,540.00,,,,,,"due 270.00→540.00; name 'MAnjunathachar, (GO-MS-1)'→'MAnjunathachar GO MS'; phone 9880642273→9880642273"
customer,overlay,1284,MST-30,"Abhilash, (MST-30)",Abhilash MST,9916088595,9916088595,,,stb_or_code,,,,-1050.00,-1050.00,,,,,,"due -1050.00→-1050.00; name 'Abhilash, (MST-30)'→'Abhilash MST'; phone 9916088595→9916088595"
customer,overlay,1285,GO-MS-11,"Nataraju, (GO-MS-11)",Nataraju GO MS,9141945800,9141945800,,,stb_or_code,,,,310.00,310.00,,,,,,"due 310.00→310.00; name 'Nataraju, (GO-MS-11)'→'Nataraju GO MS'; phone 9141945800→9141945800"
customer,overlay,1286,NC-1,"Amar Cycle Shop, (NC-1)",Amar Cycle Shop NC,9480629324,9480629324,,,stb_or_code,,,,16661.38,16353.56,,,,,,"due 16661.38→16353.56; name 'Amar Cycle Shop, (NC-1)'→'Amar Cycle Shop NC'; phone 9480629324→9480629324"
customer,overlay,1287,PT-89,"Swamy (provision), (PT-89)",Swamy provision PT,9449440308,9449440308,,,stb_or_code,,,,0.00,270.00,,,,,,"due 0.00→270.00; name 'Swamy (provision), (PT-89)'→'Swamy provision PT'; phone 9449440308→9449440308"
customer,overlay,1288,PT-88,"Narayana, (PT-88)",Narayana PT,9743396724,9743396724,,,stb_or_code,,,,0.00,270.00,,,,,,"due 0.00→270.00; name 'Narayana, (PT-88)'→'Narayana PT'; phone 9743396724→9743396724"
customer,overlay,1289,HO-100,"Divakar, (HO-100)",Divakar HO,9164751019,9164751019,,,stb_or_code,,,,500.00,310.00,,,,,,"due 500.00→310.00; name 'Divakar, (HO-100)'→'Divakar HO'; phone 9164751019→9164751019"
customer,overlay,1290,GO-RS-13,"Swamy (gold), (GO-RS-13)",Swamy gold GO RS,9686849069,9686849069,,,stb_or_code,,,,-30.00,-30.00,,,,,,"due -30.00→-30.00; name 'Swamy (gold), (GO-RS-13)'→'Swamy gold GO RS'; phone 9686849069→9686849069"
customer,overlay,1291,RS-28,"Rajesh, (RS-28)",Rajesh RS,9844253406,9844253406,,,stb_or_code,,,,-620.00,-620.00,,,,,,"due -620.00→-620.00; name 'Rajesh, (RS-28)'→'Rajesh RS'; phone 9844253406→9844253406"
customer,overlay,1292,GO-RS-16,"Raju (kara), (GO-RS-16)",Raju kara GO RS,9844181012,9844181012,,,stb_or_code,,,,0.00,0.00,,,,,,"due 0.00→0.00; name 'Raju (kara), (GO-RS-16)'→'Raju kara GO RS'; phone 9844181012→9844181012"
customer,overlay,1293,GO-RS-14,"Kavitha, (GO-RS-14)",Kavitha GO RS,9945214808,9945214808,,,stb_or_code,,,,-1.12,-325.28,,,,,,"due -1.12→-325.28; name 'Kavitha, (GO-RS-14)'→'Kavitha GO RS'; phone 9945214808→9945214808"
customer,overlay,1294,GO-RS-3,"Harish ( medicals), (GO-RS-3)",Harish medicals GO RS,9844066781,9844066781,,,stb_or_code,,,,1200.00,2700.00,,,,,,"due 1200.00→2700.00; name 'Harish ( medicals), (GO-RS-3)'→'Harish medicals GO RS'; phone 9844066781→9844066781"
customer,overlay,1295,GO-RM-21,"Arun kumar, (GO-RM-21)",Arun kumar GO RM,9964593765,9964593765,,,stb_or_code,,,,6250.00,5710.00,,,,,,"due 6250.00→5710.00; name 'Arun kumar, (GO-RM-21)'→'Arun kumar GO RM'; phone 9964593765→9964593765"
customer,overlay,1296,GO-RM-20,"Siddarameshwara traders, (GO-RM-20)",Siddarameshwara traders GO RM,7899158774,7899158774,,,stb_or_code,,,,520.00,0.00,,,,,,"due 520.00→0.00; name 'Siddarameshwara traders, (GO-RM-20)'→'Siddarameshwara traders GO RM'; phone 7899158774→7899158774"
customer,overlay,1297,GO-RM-6,"Janardhan, (GO-RM-6)",Janardhan GO RM,9742378672,9742378672,,,stb_or_code,,,,700.84,700.84,,,,,,"due 700.84→700.84; name 'Janardhan, (GO-RM-6)'→'Janardhan GO RM'; phone 9742378672→9742378672"
customer,overlay,1299,RT-69,"Lokesh, (RT-69)",Lokesh RT,7975888070,7975888070,,,stb_or_code,,,,270.00,0.00,,,,,,"due 270.00→0.00; name 'Lokesh, (RT-69)'→'Lokesh RT'; phone 7975888070→7975888070"
customer,overlay,1300,GO-SR-5,"Sateesh Babu, (GO-SR-5)",Sateesh Babu GO SR,9141615761,9141615761,,,stb_or_code,,,,0.00,0.00,,,,,,"due 0.00→0.00; name 'Sateesh Babu, (GO-SR-5)'→'Sateesh Babu GO SR'; phone 9141615761→9141615761"
customer,overlay,1301,GO-SR-21,"Naveen - stylu, (GO-SR-21)",Naveen stylu GO SR,9886450925,9886450925,,,stb_or_code,,,,485.00,195.00,,,,,,"due 485.00→195.00; name 'Naveen - stylu, (GO-SR-21)'→'Naveen stylu GO SR'; phone 9886450925→9886450925"
customer,overlay,1302,GO-SR-20,"Rajesh, (GO-SR-20)",Rajesh GO SR,9886398141,9886398141,,,stb_or_code,,,,0.00,0.00,,,,,,"due 0.00→0.00; name 'Rajesh, (GO-SR-20)'→'Rajesh GO SR'; phone 9886398141→9886398141"
customer,overlay,1303,GO-SR-12,"Prajawani, (GO-SR-12)",Prajawani GO SR,9448747367,9448747367,,,stb_or_code,,,,0.00,320.00,,,,,,"due 0.00→320.00; name 'Prajawani, (GO-SR-12)'→'Prajawani GO SR'; phone 9448747367→9448747367"
customer,overlay,1304,GO-SR-22,"Khadar, (GO-SR-22)",Khadar GO SR,6361167539,6361167539,,,stb_or_code,,,,700.00,-350.00,,,,,,"due 700.00→-350.00; name 'Khadar, (GO-SR-22)'→'Khadar GO SR'; phone 6361167539→6361167539"
customer,overlay,1305,GO-SR-23,"Aslam, (GO-SR-23)",Aslam GO SR,9886786786,9886786786,,,stb_or_code,,,,0.00,500.00,,,,,,"due 0.00→500.00; name 'Aslam, (GO-SR-23)'→'Aslam GO SR'; phone 9886786786→9886786786"
customer,overlay,1306,GO-SR-28,"Manjanna (winding), (GO-SR-28)",Manjanna winding GO SR,9844677601,9844677601,,,stb_or_code,,,,6710.00,5460.00,,,,,,"due 6710.00→5460.00; name 'Manjanna (winding), (GO-SR-28)'→'Manjanna winding GO SR'; phone 9844677601→9844677601"
customer,overlay,1307,GO-SK-2,"Lokesh, (GO-SK-2)",Lokesh GO SK,9448573626,9448573626,,,stb_or_code,,,,1104.84,-31.00,,,,,,"due 1104.84→-31.00; name 'Lokesh, (GO-SK-2)'→'Lokesh GO SK'; phone 9448573626→9448573626"
review,overlay_held,1308,CB-53,"Sunil Kumar, (CB-53)",pushpa,9035816118,,,,name_clash,,,,11700.00,220.00,,,,,,"Mobize name 'pushpa' does not match 'Sunil Kumar, (CB-53)'. Due would move 11700.00→220.00. Not applied."
customer,overlay,1309,GO-SK-1,"T. R Amar, (GO-SK-1)",T R Amar GO SK,9742659292,9742659292,,,stb_or_code,,,,-3970.00,-3700.00,,,,,,"due -3970.00→-3700.00; name 'T. R Amar, (GO-SK-1)'→'T R Amar GO SK'; phone 9742659292→9742659292"
customer,overlay,1310,SK-29,"Lakshmi Narayan, (SK-29)",Lakshmi Narayan SK,9448971658,9448971658,,,stb_or_code,,,,-1250.00,-1250.00,,,,,,"due -1250.00→-1250.00; name 'Lakshmi Narayan, (SK-29)'→'Lakshmi Narayan SK'; phone 9448971658→9448971658"
review,overlay_held,1311,SVP-12,"Venu, (SVP-12)",Yoganand Sounds,8310449494,,,,name_clash,,,,0.00,3800.00,,,,,,"Mobize name 'Yoganand Sounds' does not match 'Venu, (SVP-12)'. Due would move 0.00→3800.00. Not applied."
customer,overlay,1314,GO-GR-1,"Ganesha jewelers, (GO-GR-1)",Ganesha jewelers GO GR,9481489641,9481489641,,,stb_or_code,,,,1500.00,1500.00,,,,,,"due 1500.00→1500.00; name 'Ganesha jewelers, (GO-GR-1)'→'Ganesha jewelers GO GR'; phone 9481489641→9481489641"
customer,overlay,1315,GO-VT-61,"Naganandanna, (GO-VT-61)",Naganandanna GO VT,9742916988,9742916988,,,stb_or_code,,,,0.00,600.00,,,,,,"due 0.00→600.00; name 'Naganandanna, (GO-VT-61)'→'Naganandanna GO VT'; phone 9742916988→9742916988"
customer,overlay,1316,GO-VT-16,"Govindaiah (work shop), (GO-VT-16)",Govindaiah work shop GO VT,9844299260,9844299260,,,stb_or_code,,,,2830.00,2560.00,,,,,,"due 2830.00→2560.00; name 'Govindaiah (work shop), (GO-VT-16)'→'Govindaiah work shop GO VT'; phone 9844299260→9844299260"
customer,overlay,1317,GO-VT-56,"Jayaram, (GO-VT-56)",Jayaram GO VT,8884904450,8884904450,,,stb_or_code,,,,270.00,0.00,,,,,,"due 270.00→0.00; name 'Jayaram, (GO-VT-56)'→'Jayaram GO VT'; phone 8884904450→8884904450"
customer,overlay,1318,202684098,Harsha Electricals,Harsha Electricals,9741627555,9741627555,,,stb_or_code,,,,3220.00,920.00,,,,,,due 3220.00→920.00; name 'Harsha Electricals'→'Harsha Electricals'; phone 9741627555→9741627555
customer,overlay,1319,AJ-9,"Rajashekar (Manager), (AJ-9)",Rajashekar Manager AJ,9663298434,9663298434,,,stb_or_code,,,,230.00,0.00,,,,,,"due 230.00→0.00; name 'Rajashekar (Manager), (AJ-9)'→'Rajashekar Manager AJ'; phone 9663298434→9663298434"
customer,overlay,1320,AJ-19,"Sampath Kumar, (AJ-19)",Sampath Kumar AJ,9241345534,9241345534,,,stb_or_code,,,,230.00,0.00,,,,,,"due 230.00→0.00; name 'Sampath Kumar, (AJ-19)'→'Sampath Kumar AJ'; phone 9241345534→9241345534"
customer,overlay,1322,BA-11,"Prakash (Hardware store), (BA-11)",Prakash Hardware store BA,8711846019,8711846019,,,stb_or_code,,,,0.00,0.00,,,,,,"due 0.00→0.00; name 'Prakash (Hardware store), (BA-11)'→'Prakash Hardware store BA'; phone 8711846019→8711846019"
customer,overlay,1323,BS-5,"Bedirambika Provision Stores, (BS-5)",Bedirambika Provision Stores BS,9141627361,9141627361,,,stb_or_code,,,,440.00,-200.00,,,,,,"due 440.00→-200.00; name 'Bedirambika Provision Stores, (BS-5)'→'Bedirambika Provision Stores BS'; phone 9141627361→9141627361"
customer,overlay,1324,202684058,Jagadish,Jagadish,9740016907,9740016907,,,stb_or_code,,,,270.00,0.00,,,,,,due 270.00→0.00; name 'Jagadish'→'Jagadish'; phone 9740016907→9740016907
customer,overlay,1325,202684331,Subbanna (Winding)  CN,Subbanna Winding CN,9481134199,9481134199,,,stb_or_code,,,,120.00,120.00,,,,,,due 120.00→120.00; name 'Subbanna (Winding)  CN'→'Subbanna Winding CN'; phone 9481134199→9481134199
customer,overlay,1326,VH-11,"Aravind, (VH-11)",Aravind VH,9379109141,9379109141,,,stb_or_code,,,,2050.00,300.00,,,,,,"due 2050.00→300.00; name 'Aravind, (VH-11)'→'Aravind VH'; phone 9379109141→9379109141"
customer,overlay,1327,VH-1,"AMARNATH, (VH-1)",AMARNATH VH,9916226188,9916226188,,,stb_or_code,,,,350.00,0.00,,,,,,"due 350.00→0.00; name 'AMARNATH, (VH-1)'→'AMARNATH VH'; phone 9916226188→9916226188"
customer,overlay,1337,,Bhilal,Bhilal,,9999999999,,,stb_or_code,,,,1296.38,941.06,,,,,,due 1296.38→941.06; name 'Bhilal'→'Bhilal'; phone —→9999999999
customer,overlay,1340,202724333,Lohith SVP,Lohith SVP,9686852800,9686852800,,,stb_or_code,,,,0.00,320.00,,,,,,due 0.00→320.00; name 'Lohith SVP'→'Lohith SVP'; phone 9686852800→9686852800
customer,overlay,1341,SVP-13,"N. Manjunath, (SVP-13)",N Manjunath SVP,9945152842,9945152842,,,stb_or_code,,,,2080.00,2080.00,,,,,,"due 2080.00→2080.00; name 'N. Manjunath, (SVP-13)'→'N Manjunath SVP'; phone 9945152842→9945152842"
customer,overlay,1344,DP-5,Vinay,Vinay,9964533743,9964533743,,,stb_or_code,,,,-880.00,-1760.00,,,,,,due -880.00→-1760.00; name 'Vinay'→'Vinay'; phone 9964533743→9964533743
review,due_left,16,202701182,Babu (Tailor),,,,,,,,,,520.00,520.00,,,,,,"No live Hathway box remains, so Mobize due was not applied. Balance stays 520.00. Other services: none."
review,due_left,20,203292483,Jagadesh,,,,,,,,,,4730.00,4730.00,,,,,,"No live Hathway box remains, so Mobize due was not applied. Balance stays 4730.00. Other services: none."
review,due_left,23,203401976,Gopi (Tetha),,,,,,,,,,4840.00,4840.00,,,,,,"No live Hathway box remains, so Mobize due was not applied. Balance stays 4840.00. Other services: none."
review,due_left,29,202684105,Aslam Pasha,,,,,,,,,,10900.00,10900.00,,,,,,"No live Hathway box remains, so Mobize due was not applied. Balance stays 10900.00. Other services: none."
review,due_left,40,203610616,Zafar Pasha,,,,,,,,,,280.00,280.00,,,,,,"No live Hathway box remains, so Mobize due was not applied. Balance stays 280.00. Other services: none."
review,due_left,46,202684328,Madhava(Tailor),,,,,,,,,,5580.00,5580.00,,,,,,"No live Hathway box remains, so Mobize due was not applied. Balance stays 5580.00. Other services: none."
review,due_left,55,203609798,Vijaya pharma,,,,,,,,,,3410.00,3410.00,,,,,,"No live Hathway box remains, so Mobize due was not applied. Balance stays 3410.00. Other services: none."
review,due_left,68,202684107,Sujith bhushan,,,,,,,,,,21190.00,21190.00,,,,,,"No live Hathway box remains, so Mobize due was not applied. Balance stays 21190.00. Other services: none."
review,due_left,69,202684109,Manjunatha jewelers (CB),,,,,,,,,,4250.00,4250.00,,,,,,"No live Hathway box remains, so Mobize due was not applied. Balance stays 4250.00. Other services: none."
review,due_left,70,202684317,Shashi Shekar,,,,,,,,,,4250.00,4250.00,,,,,,"No live Hathway box remains, so Mobize due was not applied. Balance stays 4250.00. Other services: none."
review,due_left,71,202684136,Kiran kumar SU,,,,,,,,,,2620.00,2620.00,,,,,,"No live Hathway box remains, so Mobize due was not applied. Balance stays 2620.00. Other services: none."
review,due_left,96,CN-2,"Basappa, (CN-2)",,,,,,,,,,7790.00,7790.00,,,,,,"No live Hathway box remains, so Mobize due was not applied. Balance stays 7790.00. Other services: none."
review,due_left,98,GO-CN-5,"Dattanna, (GO-CN-5)",,,,,,,,,,2090.00,2090.00,,,,,,"No live Hathway box remains, so Mobize due was not applied. Balance stays 2090.00. Other services: none."
review,due_left,107,CN-15,"Dasharata ramaiah, (CN-15)",,,,,,,,,,14560.00,14560.00,,,,,,"No live Hathway box remains, so Mobize due was not applied. Balance stays 14560.00. Other services: none."
review,due_left,108,GO-CN-16,"Dr. Sridhar, (GO-CN-16)",,,,,,,,,,1310.50,1310.50,,,,,,"No live Hathway box remains, so Mobize due was not applied. Balance stays 1310.50. Other services: none."
review,due_left,138,203854145,Mani Painter,,,,,,,,,,6000.00,6000.00,,,,,,"No live Hathway box remains, so Mobize due was not applied. Balance stays 6000.00. Other services: none."
review,due_left,160,202684359,Kiran DP,,,,,,,,,,3510.00,3510.00,,,,,,"No live Hathway box remains, so Mobize due was not applied. Balance stays 3510.00. Other services: none."
review,due_left,190,202684399,Narendrakumar,,,,,,,,,,8110.00,8110.00,,,,,,"No live Hathway box remains, so Mobize due was not applied. Balance stays 8110.00. Other services: none."
review,due_left,207,202684166,Ravi Vishnu,,,,,,,,,,8640.24,8640.24,,,,,,"No live Hathway box remains, so Mobize due was not applied. Balance stays 8640.24. Other services: none."
review,due_left,232,KG-3,"Devendrappa, (KG-3)",,,,,,,,,,19700.00,19700.00,,,,,,"No live Hathway box remains, so Mobize due was not applied. Balance stays 19700.00. Other services: none."
review,due_left,236,GO-KG-8,"Preetham, (GO-KG-8)",,,,,,,,,,270.00,270.00,,,,,,"No live Hathway box remains, so Mobize due was not applied. Balance stays 270.00. Other services: none."
review,due_left,255,204177720,Shivanna (kodi),,,,,,,,,,2230.00,2230.00,,,,,,"No live Hathway box remains, so Mobize due was not applied. Balance stays 2230.00. Other services: none."
review,due_left,268,202684217,Bhaskar (Tailor),,,,,,,,,,6240.00,6240.00,,,,,,"No live Hathway box remains, so Mobize due was not applied. Balance stays 6240.00. Other services: none."
review,due_left,269,202684221,Ramakrishnachar,,,,,,,,,,3000.00,3000.00,,,,,,"No live Hathway box remains, so Mobize due was not applied. Balance stays 3000.00. Other services: none."
review,due_left,280,202684293,Panchaksharaiah,,,,,,,,,,4360.00,4360.00,,,,,,"No live Hathway box remains, so Mobize due was not applied. Balance stays 4360.00. Other services: none."
review,due_left,281,202684321,Appi,,,,,,,,,,4876.00,4876.00,,,,,,"No live Hathway box remains, so Mobize due was not applied. Balance stays 4876.00. Other services: none."
review,due_left,306,204192663,Mahesh (kote),,,,,,,,,,1600.00,1600.00,,,,,,"No live Hathway box remains, so Mobize due was not applied. Balance stays 1600.00. Other services: none."
review,due_left,318,203661036,Manindar Home,,,,,,,,,,11890.00,11890.00,,,,,,"No live Hathway box remains, so Mobize due was not applied. Balance stays 11890.00. Other services: none."
review,due_left,326,202684296,Prakash K.G,,,,,,,,,,1750.00,1750.00,,,,,,"No live Hathway box remains, so Mobize due was not applied. Balance stays 1750.00. Other services: none."
review,due_left,330,MC-12,"Pooja Traders, (MC-12)",,,,,,,,,,11884.88,11884.88,,,,,,"No live Hathway box remains, so Mobize due was not applied. Balance stays 11884.88. Other services: none."
review,due_left,334,MC-17,"Purushotam (Hotel), (MC-17)",,,,,,,,,,270.00,270.00,,,,,,"No live Hathway box remains, so Mobize due was not applied. Balance stays 270.00. Other services: none."
review,due_left,353,202684168,Shantanna,,,,,,,,,,5600.00,5600.00,,,,,,"No live Hathway box remains, so Mobize due was not applied. Balance stays 5600.00. Other services: none."
review,due_left,354,202684176,Sharadha,,,,,,,,,,17090.00,17090.00,,,,,,"No live Hathway box remains, so Mobize due was not applied. Balance stays 17090.00. Other services: none."
review,due_left,355,202684276,Sree Photo Shudio,,,,,,,,,,18839.38,18839.38,,,,,,"No live Hathway box remains, so Mobize due was not applied. Balance stays 18839.38. Other services: none."
review,due_left,370,204056177,Swamy B S (Sanath agency),,,,,,,,,,4750.00,4750.00,,,,,,"No live Hathway box remains, so Mobize due was not applied. Balance stays 4750.00. Other services: none."
review,due_left,374,202844559,Chirag NC,,,,,,,,,,7520.00,7520.00,,,,,,"No live Hathway box remains, so Mobize due was not applied. Balance stays 7520.00. Other services: none."
review,due_left,380,NC-3,"Shivaprasad, (NC-3)",,,,,,,,,,12200.00,12200.00,,,,,,"No live Hathway box remains, so Mobize due was not applied. Balance stays 12200.00. Other services: none."
review,due_left,392,PT-12,"Virupakshi, (PT-12)",,,,,,,,,,5510.00,5510.00,,,,,,"No live Hathway box remains, so Mobize due was not applied. Balance stays 5510.00. Other services: none."
review,due_left,396,204135673,Rakshith,,,,,,,,,,4090.00,4090.00,,,,,,"No live Hathway box remains, so Mobize due was not applied. Balance stays 4090.00. Other services: none."
review,due_left,399,202684132,Mouveen,,,,,,,,,,9989.00,9989.00,,,,,,"No live Hathway box remains, so Mobize due was not applied. Balance stays 9989.00. Other services: none."
review,due_left,406,202800475,Mohammed Tanveer POR,,,,,,,,,,10250.00,10250.00,,,,,,"No live Hathway box remains, so Mobize due was not applied. Balance stays 10250.00. Other services: none."
review,due_left,427,GO-RS-1,"Rangasons, (GO-RS-1)",,,,,,,,,,10570.00,10570.00,,,,,,"No live Hathway box remains, so Mobize due was not applied. Balance stays 10570.00. Other services: none."
review,due_left,445,203720700,Gayithramma,,,,,,,,,,9820.00,9820.00,,,,,,"No live Hathway box remains, so Mobize due was not applied. Balance stays 9820.00. Other services: none."
review,due_left,473,202684174,Imtiyaz  SR,,,,,,,,,,12830.00,12830.00,,,,,,"No live Hathway box remains, so Mobize due was not applied. Balance stays 12830.00. Other services: none."
review,due_left,493,202684090,Kikeri Traders,,,,,,,,,,7750.00,7750.00,,,,,,"No live Hathway box remains, so Mobize due was not applied. Balance stays 7750.00. Other services: none."
review,due_left,496,202684145,Rakesh,,,,,,,,,,2480.00,2480.00,,,,,,"No live Hathway box remains, so Mobize due was not applied. Balance stays 2480.00. Other services: none."
review,due_left,501,202759302,Anand (SKPT),,,,,,,,,,7000.00,7000.00,,,,,,"No live Hathway box remains, so Mobize due was not applied. Balance stays 7000.00. Other services: none."
review,due_left,519,202684075,Tips and Bar,,,,,,,,,,14830.00,14830.00,,,,,,"No live Hathway box remains, so Mobize due was not applied. Balance stays 14830.00. Other services: none."
review,due_left,529,202876399,Subramanyam,,,,,,,,,,13470.00,13470.00,,,,,,"No live Hathway box remains, so Mobize due was not applied. Balance stays 13470.00. Other services: none."
review,due_left,539,202684415,Sarvamangala,,,,,,,,,,980.00,980.00,,,,,,"No live Hathway box remains, so Mobize due was not applied. Balance stays 980.00. Other services: none."
review,due_left,545,202701226,Vasanth Kumar VH,,,,,,,,,,1550.00,1550.00,,,,,,"No live Hathway box remains, so Mobize due was not applied. Balance stays 1550.00. Other services: none."
review,due_left,556,PT-20,"Kumaranna (Bakery), (PT-20)",,,,,,,,,,4250.00,4250.00,,,,,,"No live Hathway box remains, so Mobize due was not applied. Balance stays 4250.00. Other services: none."
review,due_left,563,MG-6,Lakshmamma,,,,,,,,,,-540.00,-540.00,,,,,,"No live Hathway box remains, so Mobize due was not applied. Balance stays -540.00. Other services: none."
review,due_left,651,202684121,Anuradha,,,,,,,,,,1800.00,1800.00,,,,,railtel:706:KA.RAVICA,"No live Hathway box remains, so Mobize due was not applied. Balance stays 1800.00. Other services: railtel."
review,due_left,820,202684400,Pradeep,,,,,,,,,,1030.00,1030.00,,,,,railtel:885:KA.PRADEEPKUMARTS,"No live Hathway box remains, so Mobize due was not applied. Balance stays 1030.00. Other services: railtel."
review,due_left,857,202684465,Asif Hussain,,,,,,,,,,7350.00,7350.00,,,,,railtel:926:KA.ASIFHUSSAIN,"No live Hathway box remains, so Mobize due was not applied. Balance stays 7350.00. Other services: railtel."
review,due_left,859,202684451,Zahid,,,,,,,,,,4100.00,4100.00,,,,,railtel:928:KA.ZAHIDULLA,"No live Hathway box remains, so Mobize due was not applied. Balance stays 4100.00. Other services: railtel."
review,due_left,925,203479980,Kumar Bidre,,,,,,,,,,2640.00,2640.00,,,,,,"No live Hathway box remains, so Mobize due was not applied. Balance stays 2640.00. Other services: none."
review,due_left,928,202684152,Surya foot wear,,,,,,,,,,3000.00,3000.00,,,,,,"No live Hathway box remains, so Mobize due was not applied. Balance stays 3000.00. Other services: none."
review,due_left,930,202684178,D.K Electricals,,,,,,,,,,4760.00,4760.00,,,,,,"No live Hathway box remains, so Mobize due was not applied. Balance stays 4760.00. Other services: none."
review,due_left,931,BS-12,"Devatha Garments, (BS-12)",,,,,,,,,,6800.00,6800.00,,,,,,"No live Hathway box remains, so Mobize due was not applied. Balance stays 6800.00. Other services: none."
review,due_left,932,203747814,Devaraj SLV,,,,,,,,,,6250.00,6250.00,,,,,,"No live Hathway box remains, so Mobize due was not applied. Balance stays 6250.00. Other services: none."
review,due_left,933,202684122,Sambashiva Murthy,,,,,,,,,,4367.00,4367.00,,,,,,"No live Hathway box remains, so Mobize due was not applied. Balance stays 4367.00. Other services: none."
review,due_left,934,202684388,Prathap,,,,,,,,,,9857.00,9857.00,,,,,,"No live Hathway box remains, so Mobize due was not applied. Balance stays 9857.00. Other services: none."
review,due_left,936,202684118,Kailash CN,,,,,,,,,,13639.22,13639.22,,,,,,"No live Hathway box remains, so Mobize due was not applied. Balance stays 13639.22. Other services: none."
review,due_left,937,202684163,Shivanna,,,,,,,,,,1800.00,1800.00,,,,,,"No live Hathway box remains, so Mobize due was not applied. Balance stays 1800.00. Other services: none."
review,due_left,938,202684422,Toufeeq Pasha,,,,,,,,,,5642.24,5642.24,,,,,,"No live Hathway box remains, so Mobize due was not applied. Balance stays 5642.24. Other services: none."
review,due_left,941,203888858,Kumar,,,,,,,,,,5400.00,5400.00,,,,,,"No live Hathway box remains, so Mobize due was not applied. Balance stays 5400.00. Other services: none."
review,due_left,942,202690723,Sangam Cycle shop,,,,,,,,,,13076.58,13076.58,,,,,,"No live Hathway box remains, so Mobize due was not applied. Balance stays 13076.58. Other services: none."
review,due_left,943,202684061,Shivakumar Jewellers,,,,,,,,,,2960.00,2960.00,,,,,,"No live Hathway box remains, so Mobize due was not applied. Balance stays 2960.00. Other services: none."
review,due_left,945,202684093,Krishnamurthy,,,,,,,,,,14860.00,14860.00,,,,,,"No live Hathway box remains, so Mobize due was not applied. Balance stays 14860.00. Other services: none."
review,due_left,946,202684099,Honnappa(Master),,,,,,,,,,4890.00,4890.00,,,,,,"No live Hathway box remains, so Mobize due was not applied. Balance stays 4890.00. Other services: none."
review,due_left,947,202684102,Jafar,,,,,,,,,,7581.14,7581.14,,,,,,"No live Hathway box remains, so Mobize due was not applied. Balance stays 7581.14. Other services: none."
review,due_left,949,202684138,Shobha,,,,,,,,,,1350.00,1350.00,,,,,,"No live Hathway box remains, so Mobize due was not applied. Balance stays 1350.00. Other services: none."
review,due_left,952,202684170,Balaji Medicals  BH,,,,,,,,,,9658.48,9658.48,,,,,,"No live Hathway box remains, so Mobize due was not applied. Balance stays 9658.48. Other services: none."
review,due_left,953,202684182,Suryanarayana,,,,,,,,,,800.00,800.00,,,,,,"No live Hathway box remains, so Mobize due was not applied. Balance stays 800.00. Other services: none."
review,due_left,956,202684203,Basave Gowdru,,,,,,,,,,7020.00,7020.00,,,,,,"No live Hathway box remains, so Mobize due was not applied. Balance stays 7020.00. Other services: none."
review,due_left,957,202684212,Naveen (Flower),,,,,,,,,,2740.00,2740.00,,,,,,"No live Hathway box remains, so Mobize due was not applied. Balance stays 2740.00. Other services: none."
review,due_left,958,202684215,Manju (Uncle),,,,,,,,,,1500.00,1500.00,,,,,,"No live Hathway box remains, so Mobize due was not applied. Balance stays 1500.00. Other services: none."
review,due_left,959,202684227,Yateesh (GAS),,,,,,,,,,5020.00,5020.00,,,,,,"No live Hathway box remains, so Mobize due was not applied. Balance stays 5020.00. Other services: none."
review,due_left,960,202684258,Mubarak,,,,,,,,,,7360.00,7360.00,,,,,,"No live Hathway box remains, so Mobize due was not applied. Balance stays 7360.00. Other services: none."
review,due_left,961,202684277,Firoz,,,,,,,,,,8371.48,8371.48,,,,,,"No live Hathway box remains, so Mobize due was not applied. Balance stays 8371.48. Other services: none."
review,due_left,963,202684290,Fayaz,,,,,,,,,,5690.32,5690.32,,,,,,"No live Hathway box remains, so Mobize due was not applied. Balance stays 5690.32. Other services: none."
review,due_left,965,202684341,Hyder  Mechanic,,,,,,,,,,15216.42,15216.42,,,,,,"No live Hathway box remains, so Mobize due was not applied. Balance stays 15216.42. Other services: none."
review,due_left,966,202684342,Chandranna Gowdru,,,,,,,,,,6750.00,6750.00,,,,,,"No live Hathway box remains, so Mobize due was not applied. Balance stays 6750.00. Other services: none."
review,due_left,967,202684343,Mousin,,,,,,,,,,5550.00,5550.00,,,,,,"No live Hathway box remains, so Mobize due was not applied. Balance stays 5550.00. Other services: none."
review,due_left,968,202684374,Puttamma,,,,,,,,,,1220.00,1220.00,,,,,,"No live Hathway box remains, so Mobize due was not applied. Balance stays 1220.00. Other services: none."
review,due_left,970,202684394,Sagar Handloom,,,,,,,,,,3240.00,3240.00,,,,,,"No live Hathway box remains, so Mobize due was not applied. Balance stays 3240.00. Other services: none."
review,due_left,971,202684401,Venkatesh,,,,,,,,,,4120.00,4120.00,,,,,,"No live Hathway box remains, so Mobize due was not applied. Balance stays 4120.00. Other services: none."
review,due_left,972,202684414,Shashidhar Babu GR,,,,,,,,,,8443.52,8443.52,,,,,,"No live Hathway box remains, so Mobize due was not applied. Balance stays 8443.52. Other services: none."
review,due_left,973,202684423,Girish RM,,,,,,,,,,5670.00,5670.00,,,,,,"No live Hathway box remains, so Mobize due was not applied. Balance stays 5670.00. Other services: none."
review,due_left,974,202684435,Muktha,,,,,,,,,,7730.00,7730.00,,,,,,"No live Hathway box remains, so Mobize due was not applied. Balance stays 7730.00. Other services: none."
review,due_left,975,GO-KO-26,"Chandranna, (GO-KO-26)",,,,,,,,,,17280.00,17280.00,,,,,,"No live Hathway box remains, so Mobize due was not applied. Balance stays 17280.00. Other services: none."
review,due_left,976,PL-26,"Inayath pasha, (PL-26)",,,,,,,,,,9550.00,9550.00,,,,,,"No live Hathway box remains, so Mobize due was not applied. Balance stays 9550.00. Other services: none."
review,due_left,979,202684477,Kannika Agency,,,,,,,,,,9700.00,9700.00,,,,,,"No live Hathway box remains, so Mobize due was not applied. Balance stays 9700.00. Other services: none."
review,due_left,982,202702473,Kumara (Hospital),,,,,,,,,,2600.00,2600.00,,,,,,"No live Hathway box remains, so Mobize due was not applied. Balance stays 2600.00. Other services: none."
review,due_left,983,202703320,New Moidin Bedding house,,,,,,,,,,1610.00,1610.00,,,,,,"No live Hathway box remains, so Mobize due was not applied. Balance stays 1610.00. Other services: none."
review,due_left,984,202714842,Ranganna,,,,,,,,,,2470.00,2470.00,,,,,,"No live Hathway box remains, so Mobize due was not applied. Balance stays 2470.00. Other services: none."
review,due_left,986,202758883,Dhananjaya (panipuri),,,,,,,,,,360.00,360.00,,,,,,"No live Hathway box remains, so Mobize due was not applied. Balance stays 360.00. Other services: none."
review,due_left,987,MST-36,"Yashwanth, (MST-36)",,,,,,,,,,24137.44,24137.44,,,,,,"No live Hathway box remains, so Mobize due was not applied. Balance stays 24137.44. Other services: none."
review,due_left,989,VT-2,"Chandu Jewellers, (VT-2)",,,,,,,,,,5600.00,5600.00,,,,,,"No live Hathway box remains, so Mobize due was not applied. Balance stays 5600.00. Other services: none."
review,due_left,990,202821672,"Manu ( flower), (GO-BH)",,,,,,,,,,1640.42,1640.42,,,,,,"No live Hathway box remains, so Mobize due was not applied. Balance stays 1640.42. Other services: none."
review,due_left,992,MAG-12,"Manohar, (MAG-12)",,,,,,,,,,660.00,660.00,,,,,,"No live Hathway box remains, so Mobize due was not applied. Balance stays 660.00. Other services: none."
review,due_left,993,SU-52,Shivamma(SU-52),,,,,,,,,,6840.00,6840.00,,,,,,"No live Hathway box remains, so Mobize due was not applied. Balance stays 6840.00. Other services: none."
review,due_left,994,202867878,Vishnu Kumar Shetty,,,,,,,,,,14090.00,14090.00,,,,,,"No live Hathway box remains, so Mobize due was not applied. Balance stays 14090.00. Other services: none."
review,due_left,995,GO-SR-10,"Natesh, (GO-SR-10)",,,,,,,,,,3100.00,3100.00,,,,,,"No live Hathway box remains, so Mobize due was not applied. Balance stays 3100.00. Other services: none."
review,due_left,996,202871206,Manju (flower),,,,,,,,,,2540.00,2540.00,,,,,,"No live Hathway box remains, so Mobize due was not applied. Balance stays 2540.00. Other services: none."
review,due_left,997,202875456,Lakshmi Devamma,,,,,,,,,,1350.00,1350.00,,,,,,"No live Hathway box remains, so Mobize due was not applied. Balance stays 1350.00. Other services: none."
review,due_left,998,HO-23,"Babu, (HO-23)",,,,,,,,,,7050.00,7050.00,,,,,,"No live Hathway box remains, so Mobize due was not applied. Balance stays 7050.00. Other services: none."
review,due_left,1001,202976095,Ranjith MC,,,,,,,,,,2520.00,2520.00,,,,,,"No live Hathway box remains, so Mobize due was not applied. Balance stays 2520.00. Other services: none."
review,due_left,1002,203026340,Durga,,,,,,,,,,810.00,810.00,,,,,,"No live Hathway box remains, so Mobize due was not applied. Balance stays 810.00. Other services: none."
review,due_left,1004,203092347,Mahesh AST,,,,,,,,,,1500.00,1500.00,,,,,,"No live Hathway box remains, so Mobize due was not applied. Balance stays 1500.00. Other services: none."
review,due_left,1007,203317111,Vinay RS,,,,,,,,,,2800.00,2800.00,,,,,,"No live Hathway box remains, so Mobize due was not applied. Balance stays 2800.00. Other services: none."
review,due_left,1009,203413021,Nagaraju (Metro- Home),,,,,,,,,,620.00,620.00,,,,,,"No live Hathway box remains, so Mobize due was not applied. Balance stays 620.00. Other services: none."
review,due_left,1010,203416413,Chaitra (Sister),,,,,,,,,,1000.00,1000.00,,,,,,"No live Hathway box remains, so Mobize due was not applied. Balance stays 1000.00. Other services: none."
review,due_left,1011,203476284,Chandranna KT,,,,,,,,,,1080.00,1080.00,,,,,,"No live Hathway box remains, so Mobize due was not applied. Balance stays 1080.00. Other services: none."
review,due_left,1012,203497569,Waseem,,,,,,,,,,2000.00,2000.00,,,,,,"No live Hathway box remains, so Mobize due was not applied. Balance stays 2000.00. Other services: none."
review,due_left,1013,203610066,Vinay CN,,,,,,,,,,540.00,540.00,,,,,,"No live Hathway box remains, so Mobize due was not applied. Balance stays 540.00. Other services: none."
review,due_left,1015,202684198,Kanchi Electricals,,,,,,,,,,10260.00,10260.00,,,,,,"No live Hathway box remains, so Mobize due was not applied. Balance stays 10260.00. Other services: none."
review,due_left,1016,202684295,Harish (Tailor),,,,,,,,,,1260.00,1260.00,,,,,,"No live Hathway box remains, so Mobize due was not applied. Balance stays 1260.00. Other services: none."
review,due_left,1017,202684334,Chandru  (Vodophone),,,,,,,,,,5000.00,5000.00,,,,,,"No live Hathway box remains, so Mobize due was not applied. Balance stays 5000.00. Other services: none."
review,due_left,1019,203888854,Manju,,,,,,,,,,4050.00,4050.00,,,,,,"No live Hathway box remains, so Mobize due was not applied. Balance stays 4050.00. Other services: none."
review,due_left,1021,202684469,Mahalingeswara Stores,,,,,,,,,,7610.00,7610.00,,,,,,"No live Hathway box remains, so Mobize due was not applied. Balance stays 7610.00. Other services: none."
review,due_left,1023,203327041,Naveen,,,,,,,,,,11740.00,11740.00,,,,,,"No live Hathway box remains, so Mobize due was not applied. Balance stays 11740.00. Other services: none."
review,due_left,1024,203413189,Ramaswamy,,,,,,,,,,6790.00,6790.00,,,,,,"No live Hathway box remains, so Mobize due was not applied. Balance stays 6790.00. Other services: none."
review,due_left,1027,202684190,Mallikanna,,,,,,,,,,5400.00,5400.00,,,,,,"No live Hathway box remains, so Mobize due was not applied. Balance stays 5400.00. Other services: none."
review,due_left,1029,HO-121,"Balaji medicals, (HO-121)",,,,,,,,,,7093.16,7093.16,,,,,,"No live Hathway box remains, so Mobize due was not applied. Balance stays 7093.16. Other services: none."
review,due_left,1030,202684048,Venkatesh,,,,,,,,,,1350.00,1350.00,,,,,,"No live Hathway box remains, so Mobize due was not applied. Balance stays 1350.00. Other services: none."
review,due_left,1031,202684259,Vasu dev KG,,,,,,,,,,380.00,380.00,,,,,,"No live Hathway box remains, so Mobize due was not applied. Balance stays 380.00. Other services: none."
review,due_left,1032,203841673,Devatha Garments Home,,,,,,,,,,2000.00,2000.00,,,,,,"No live Hathway box remains, so Mobize due was not applied. Balance stays 2000.00. Other services: none."
review,due_left,1033,203728529,Latha,,,,,,,,,,9300.00,9300.00,,,,,,"No live Hathway box remains, so Mobize due was not applied. Balance stays 9300.00. Other services: none."
review,due_left,1034,202684173,Ravikumar KT,,,,,,,,,,4050.00,4050.00,,,,,,"No live Hathway box remains, so Mobize due was not applied. Balance stays 4050.00. Other services: none."
review,due_left,1035,202684309,Rajanna (Coconut),,,,,,,,,,1620.00,1620.00,,,,,,"No live Hathway box remains, so Mobize due was not applied. Balance stays 1620.00. Other services: none."
review,due_left,1037,202684382,Sharadamma,,,,,,,,,,3780.00,3780.00,,,,,,"No live Hathway box remains, so Mobize due was not applied. Balance stays 3780.00. Other services: none."
review,due_left,1038,202701204,Srinivas (Koutu),,,,,,,,,,15510.00,15510.00,,,,,,"No live Hathway box remains, so Mobize due was not applied. Balance stays 15510.00. Other services: none."
review,due_left,1039,202858905,Jaganna Pujari,,,,,,,,,,12470.00,12470.00,,,,,,"No live Hathway box remains, so Mobize due was not applied. Balance stays 12470.00. Other services: none."
review,due_left,1040,204567384,Hanumanthraj,,,,,,,,,,1350.00,1350.00,,,,,,"No live Hathway box remains, so Mobize due was not applied. Balance stays 1350.00. Other services: none."
review,due_left,1041,202684314,Mohammed Gouse,,,,,,,,,,6650.00,6650.00,,,,,,"No live Hathway box remains, so Mobize due was not applied. Balance stays 6650.00. Other services: none."
review,due_left,1042,202684142,TN Nagaraju,,,,,,,,,,11560.00,11560.00,,,,,,"No live Hathway box remains, so Mobize due was not applied. Balance stays 11560.00. Other services: none."
review,due_left,1043,MAG-11,"Rajeshwari, (MAG-11)",,,,,,,,,,8370.00,8370.00,,,,,,"No live Hathway box remains, so Mobize due was not applied. Balance stays 8370.00. Other services: none."
review,due_left,1044,MAG-2,"Shekarappa, (MAG-2)",,,,,,,,,,12050.00,12050.00,,,,,,"No live Hathway box remains, so Mobize due was not applied. Balance stays 12050.00. Other services: none."
review,due_left,1045,MC-66,"Basheer Cycle Shop, (MC-66)",,,,,,,,,,20294.00,20294.00,,,,,,"No live Hathway box remains, so Mobize due was not applied. Balance stays 20294.00. Other services: none."
review,due_left,1046,202739596,Rajeshwari (Mc),,,,,,,,,,920.00,920.00,,,,,,"No live Hathway box remains, so Mobize due was not applied. Balance stays 920.00. Other services: none."
review,due_left,1047,MC-33,"Basavaraju, (MC-33)",,,,,,,,,,10740.00,10740.00,,,,,,"No live Hathway box remains, so Mobize due was not applied. Balance stays 10740.00. Other services: none."
review,due_left,1048,202885695,Kumar MC,,,,,,,,,,7560.00,7560.00,,,,,,"No live Hathway box remains, so Mobize due was not applied. Balance stays 7560.00. Other services: none."
review,due_left,1050,203289369,Vijay Kumar BC,,,,,,,,,,750.00,750.00,,,,,,"No live Hathway box remains, so Mobize due was not applied. Balance stays 750.00. Other services: none."
review,due_left,1051,203289376,Sairam,,,,,,,,,,6720.00,6720.00,,,,,,"No live Hathway box remains, so Mobize due was not applied. Balance stays 6720.00. Other services: none."
review,due_left,1052,203423443,Swamy (MC),,,,,,,,,,8990.00,8990.00,,,,,,"No live Hathway box remains, so Mobize due was not applied. Balance stays 8990.00. Other services: none."
review,due_left,1053,203613205,Gowthan mC,,,,,,,,,,9330.00,9330.00,,,,,,"No live Hathway box remains, so Mobize due was not applied. Balance stays 9330.00. Other services: none."
review,due_left,1055,202684164,Rafi,,,,,,,,,,9100.00,9100.00,,,,,,"No live Hathway box remains, so Mobize due was not applied. Balance stays 9100.00. Other services: none."
review,due_left,1057,202884975,Akbar,,,,,,,,,,11900.00,11900.00,,,,,,"No live Hathway box remains, so Mobize due was not applied. Balance stays 11900.00. Other services: none."
review,due_left,1058,203446158,Irfan ML,,,,,,,,,,11200.00,11200.00,,,,,,"No live Hathway box remains, so Mobize due was not applied. Balance stays 11200.00. Other services: none."
review,due_left,1059,202684204,Chethana (Manjunath Lodge),,,,,,,,,,14820.00,14820.00,,,,,,"No live Hathway box remains, so Mobize due was not applied. Balance stays 14820.00. Other services: none."
review,due_left,1060,202684417,Datta,,,,,,,,,,36452.04,36452.04,,,,,,"No live Hathway box remains, so Mobize due was not applied. Balance stays 36452.04. Other services: none."
review,due_left,1061,202684426,Krishnamurthachar,,,,,,,,,,7020.00,7020.00,,,,,,"No live Hathway box remains, so Mobize due was not applied. Balance stays 7020.00. Other services: none."
review,due_left,1062,203320214,Vijayamma MST,,,,,,,,,,8990.00,8990.00,,,,,,"No live Hathway box remains, so Mobize due was not applied. Balance stays 8990.00. Other services: none."
review,due_left,1063,202684278,Afroz NC,,,,,,,,,,12740.00,12740.00,,,,,,"No live Hathway box remains, so Mobize due was not applied. Balance stays 12740.00. Other services: none."
review,due_left,1064,202684160,Zallu,,,,,,,,,,6650.00,6650.00,,,,,,"No live Hathway box remains, so Mobize due was not applied. Balance stays 6650.00. Other services: none."
review,due_left,1065,202701451,Jafar Sadik keb,,,,,,,,,,10360.00,10360.00,,,,,,"No live Hathway box remains, so Mobize due was not applied. Balance stays 10360.00. Other services: none."
review,due_left,1066,202701501,Mujju (Mechanic),,,,,,,,,,14600.00,14600.00,,,,,,"No live Hathway box remains, so Mobize due was not applied. Balance stays 14600.00. Other services: none."
review,due_left,1067,203198062,Mubharaq,,,,,,,,,,18800.00,18800.00,,,,,,"No live Hathway box remains, so Mobize due was not applied. Balance stays 18800.00. Other services: none."
review,due_left,1068,203820415,Jameer Pasha,,,,,,,,,,5640.00,5640.00,,,,,,"No live Hathway box remains, so Mobize due was not applied. Balance stays 5640.00. Other services: none."
review,due_left,1069,203907724,Shafi,,,,,,,,,,5600.00,5600.00,,,,,,"No live Hathway box remains, so Mobize due was not applied. Balance stays 5600.00. Other services: none."
review,due_left,1071,202684241,Shakeel,,,,,,,,,,10500.00,10500.00,,,,,,"No live Hathway box remains, so Mobize due was not applied. Balance stays 10500.00. Other services: none."
review,due_left,1072,202684335,Prakash,,,,,,,,,,5980.00,5980.00,,,,,,"No live Hathway box remains, so Mobize due was not applied. Balance stays 5980.00. Other services: none."
review,due_left,1073,203802918,Nagesh PR,,,,,,,,,,250.00,250.00,,,,,,"No live Hathway box remains, so Mobize due was not applied. Balance stays 250.00. Other services: none."
review,due_left,1074,202724336,Muniraj (Railway) (RS),,,,,,,,,,3420.00,3420.00,,,,,,"No live Hathway box remains, so Mobize due was not applied. Balance stays 3420.00. Other services: none."
review,due_left,1075,203121824,Brajendra,,,,,,,,,,12600.00,12600.00,,,,,,"No live Hathway box remains, so Mobize due was not applied. Balance stays 12600.00. Other services: none."
review,due_left,1077,202684076,Ravish,,,,,,,,,,2650.00,2650.00,,,,,,"No live Hathway box remains, so Mobize due was not applied. Balance stays 2650.00. Other services: none."
review,due_left,1078,202684383,Dr.Sunil babu,,,,,,,,,,6000.00,6000.00,,,,,,"No live Hathway box remains, so Mobize due was not applied. Balance stays 6000.00. Other services: none."
review,due_left,1079,203138591,Sirish 2 RM,,,,,,,,,,4275.00,4275.00,,,,,,"No live Hathway box remains, so Mobize due was not applied. Balance stays 4275.00. Other services: none."
review,due_left,1080,202684147,Abdesh (Pani Puri),,,,,,,,,,6900.00,6900.00,,,,,,"No live Hathway box remains, so Mobize due was not applied. Balance stays 6900.00. Other services: none."
review,due_left,1082,202684260,Shivakumar,,,,,,,,,,2430.00,2430.00,,,,,,"No live Hathway box remains, so Mobize due was not applied. Balance stays 2430.00. Other services: none."
review,due_left,1083,202684078,Ansari pasha (SR),,,,,,,,,,11550.00,11550.00,,,,,,"No live Hathway box remains, so Mobize due was not applied. Balance stays 11550.00. Other services: none."
review,due_left,1084,202684272,Bhilal  SR,,,,,,,,,,10850.00,10850.00,,,,,,"No live Hathway box remains, so Mobize due was not applied. Balance stays 10850.00. Other services: none."
review,due_left,1085,SH-2,"Maksood, (SH-2)",,,,,,,,,,15550.00,15550.00,,,,,,"No live Hathway box remains, so Mobize due was not applied. Balance stays 15550.00. Other services: none."
review,due_left,1086,202684419,Vikram_SR,,,,,,,,,,4400.00,4400.00,,,,,,"No live Hathway box remains, so Mobize due was not applied. Balance stays 4400.00. Other services: none."
review,due_left,1087,GO-SR-2,"Jahanara, (GO-SR-2)",,,,,,,,,,10750.00,10750.00,,,,,,"No live Hathway box remains, so Mobize due was not applied. Balance stays 10750.00. Other services: none."
review,due_left,1088,203511495,Shoukat husain,,,,,,,,,,7200.00,7200.00,,,,,,"No live Hathway box remains, so Mobize due was not applied. Balance stays 7200.00. Other services: none."
review,due_left,1090,SK-31,"Nagesh babu, (SK-31)",,,,,,,,,,7020.00,7020.00,,,,,,"No live Hathway box remains, so Mobize due was not applied. Balance stays 7020.00. Other services: none."
review,due_left,1091,202702204,Shankar (SVP),,,,,,,,,,350.00,350.00,,,,,,"No live Hathway box remains, so Mobize due was not applied. Balance stays 350.00. Other services: none."
review,due_left,1092,203966961,Nilesh,,,,,,,,,,7500.00,7500.00,,,,,,"No live Hathway box remains, so Mobize due was not applied. Balance stays 7500.00. Other services: none."
review,due_left,1094,202684326,Yogeesh,,,,,,,,,,1000.00,1000.00,,,,,,"No live Hathway box remains, so Mobize due was not applied. Balance stays 1000.00. Other services: none."
review,due_left,1106,CB-4,"Mahadev Roy, (CB-4)",,,,,,,,,,3950.00,3950.00,,,,,,"No live Hathway box remains, so Mobize due was not applied. Balance stays 3950.00. Other services: none."
review,due_left,1116,BH-2,"Bairavi Glass and plywoods, (BH-2)",,,,,,,,,,10550.00,10550.00,,,,,,"No live Hathway box remains, so Mobize due was not applied. Balance stays 10550.00. Other services: none."
review,due_left,1117,BH-5,"Ramdev Garments, (BH-5)",,,,,,,,,,9800.00,9800.00,,,,,,"No live Hathway box remains, so Mobize due was not applied. Balance stays 9800.00. Other services: none."
review,due_left,1121,CN-3,"Shankar Narayana, (CN-3)",,,,,,,,,,3000.00,3000.00,,,,,,"No live Hathway box remains, so Mobize due was not applied. Balance stays 3000.00. Other services: none."
review,due_left,1127,HO-17,"Manjanna (Whole Sale), (HO-17)",,,,,,,,,,3510.00,3510.00,,,,,,"No live Hathway box remains, so Mobize due was not applied. Balance stays 3510.00. Other services: none."
review,due_left,1213,BA-3,"Shivaprakash, (BA-3)",,,,,,,,,,9870.00,9870.00,,,,,,"No live Hathway box remains, so Mobize due was not applied. Balance stays 9870.00. Other services: none."
review,due_left,1215,GO-BH-7,"Vinoda Medicals, (GO-BH-7)",,,,,,,,,,5750.00,5750.00,,,,,,"No live Hathway box remains, so Mobize due was not applied. Balance stays 5750.00. Other services: none."
review,due_left,1216,BH-23,Sarala (Sister) (BH-23),,,,,,,,,,6740.00,6740.00,,,,,,"No live Hathway box remains, so Mobize due was not applied. Balance stays 6740.00. Other services: none."
review,due_left,1220,KK-17,"Labhu Ram, (KK-17)",,,,,,,,,,6300.00,6300.00,,,,,,"No live Hathway box remains, so Mobize due was not applied. Balance stays 6300.00. Other services: none."
review,due_left,1227,GO-CN-66,"Madhu (RTO), (GO-CN-66)",,,,,,,,,,2040.00,2040.00,,,,,,"No live Hathway box remains, so Mobize due was not applied. Balance stays 2040.00. Other services: none."
review,due_left,1239,LB-5,"Ajaz, (Lb-5)",,,,,,,,,,3260.00,3260.00,,,,,,"No live Hathway box remains, so Mobize due was not applied. Balance stays 3260.00. Other services: none."
review,due_left,1243,GO-MC-4,"Vijaykumar, (GO-MC-4)",,,,,,,,,,1250.00,1250.00,,,,,,"No live Hathway box remains, so Mobize due was not applied. Balance stays 1250.00. Other services: none."
review,due_left,1244,GO-MC-3,"Ratan papers, (GO-MC-3)",,,,,,,,,,2100.00,2100.00,,,,,,"No live Hathway box remains, so Mobize due was not applied. Balance stays 2100.00. Other services: none."
review,due_left,1251,GO-GR-15,"Saroja, (GO-GR-15)",,,,,,,,,,3820.00,3820.00,,,,,,"No live Hathway box remains, so Mobize due was not applied. Balance stays 3820.00. Other services: none."
review,due_left,1268,GO-MC-15,"Ramprasad, (GO-MC-15)",,,,,,,,,,2970.00,2970.00,,,,,,"No live Hathway box remains, so Mobize due was not applied. Balance stays 2970.00. Other services: none."
review,due_left,1276,GO-MC-14,"Chandru, (GO-MC-14)",,,,,,,,,,7320.00,7320.00,,,,,,"No live Hathway box remains, so Mobize due was not applied. Balance stays 7320.00. Other services: none."
review,due_left,1277,GO-MC-16,"Shantanna, (GO-MC-16)",,,,,,,,,,11712.00,11712.00,,,,,,"No live Hathway box remains, so Mobize due was not applied. Balance stays 11712.00. Other services: none."
review,due_left,1312,GO-SV-6,"Dinesh, (GO-SV-6)",,,,,,,,,,8110.00,8110.00,,,,,,"No live Hathway box remains, so Mobize due was not applied. Balance stays 8110.00. Other services: none."
review,due_left,1321,BA-16,"Syed Suhail Ahmed, (BA-16)",,,,,,,,,,7840.00,7840.00,,,,,,"No live Hathway box remains, so Mobize due was not applied. Balance stays 7840.00. Other services: none."
review,due_left,1328,VH-6,"Subrahmaniyam (Shamiyana), (VH-6)",,,,,,,,,,1500.00,1500.00,,,,,,"No live Hathway box remains, so Mobize due was not applied. Balance stays 1500.00. Other services: none."
review,due_left,1329,202684210,Kiran Mehatha,,,,,,,,,,942.54,942.54,,,,,,"No live Hathway box remains, so Mobize due was not applied. Balance stays 942.54. Other services: none."
review,due_left,1335,KT-44,"Narasimha Murthy (Archakaru), (KT-44)",,,,,,,,,,10430.00,10430.00,,,,,,"No live Hathway box remains, so Mobize due was not applied. Balance stays 10430.00. Other services: none."
review,due_left,1339,,SS Jewellers SK,,,,,,,,,,4650.00,4650.00,,,,,,"No live Hathway box remains, so Mobize due was not applied. Balance stays 4650.00. Other services: none."
review,due_left,1342,BC-30,Padmavathi,,,,,,,,,,310.00,310.00,,,,,,"No live Hathway box remains, so Mobize due was not applied. Balance stays 310.00. Other services: none."
